Mike Trout,R,18.8,19.5,23.1,30.8,46.1,24.8,41.0,35.5,23.5,15.8,41.7,42.4,20.8,60.2,37.3,69.1,90.3,83.4,6.2
Cody Bellinger,L,12.1,22.5,21.7,35.2,43.1,22.1,45.7,32.7,21.6,14.8,40.9,44.3,27.6,68.1,44.6,62.7,79.1,73.2,12.0
Christian Yelich,L,11.6,20.2,21.7,50.7,27.7,27.5,35.2,38.0,26.9,15.0,41.1,43.8,27.7,66.0,43.9,60.0,88.0,77.8,9.8
Ketel Marte,B,9.4,13.8,21.3,46.8,32.0,13.9,38.9,38.0,23.1,17.9,45.1,37.0,30.4,69.0,46.6,74.9,90.4,84.5,7.2
Alex Bregman,R,12.9,13.3,22.0,35.3,42.7,14.0,45.7,35.1,19.2,17.2,45.8,37.0,21.3,62.3,39.0,77.0,91.6,87.1,5.0
Xander Bogaerts,R,9.9,18.0,20.2,44.3,35.6,13.4,42.7,33.6,23.8,16.7,47.7,35.6,30.9,57.2,42.1,67.1,89.2,79.9,8.5
Anthony Rendon,R,11.2,13.8,21.4,33.1,45.5,13.6,40.8,32.5,26.8,14.8,46.5,38.7,24.5,67.6,43.8,76.5,92.6,87.6,5.4
Rafael Devers,L,7.4,20.7,18.8,45.4,35.8,17.5,39.0,33.7,27.3,18.6,45.5,35.9,38.2,74.0,53.0,67.0,82.9,76.2,12.6
Marcus Semien,R,10.0,17.8,21.1,40.1,38.8,10.2,44.8,31.7,23.5,17.0,47.9,35.1,25.1,67.7,43.5,65.8,88.3,80.9,8.3
Matt Chapman,R,9.7,23.5,17.4,39.6,43.0,16.2,40.2,34.8,25.0,17.0,40.8,42.2,25.1,63.9,42.0,64.2,84.8,77.9,9.3
J.T. Realmuto,R,6.9,19.8,21.3,42.5,36.3,13.5,45.1,34.5,20.4,15.8,45.5,38.8,32.5,68.4,48.7,66.6,87.2,79.7,9.9
Ronald Acuna Jr.,R,9.8,25.2,21.2,40.9,37.9,23.4,41.3,34.1,24.6,14.4,41.3,44.3,27.3,72.4,45.8,61.8,81.7,74.7,11.6
George Springer,R,10.6,19.0,18.2,47.7,34.1,20.8,39.9,36.0,24.1,17.4,44.9,37.7,24.1,70.7,44.6,60.8,84.9,77.6,10.0
Michael Brantley,L,8.0,10.6,23.9,46.1,30.0,12.1,40.1,35.0,25.0,12.9,49.2,37.9,27.0,64.3,43.9,78.8,96.3,90.4,4.2
Mookie Betts,R,12.8,13.5,19.9,35.8,44.2,12.3,44.9,34.7,20.4,14.3,45.2,40.5,20.7,56.7,36.2,71.6,93.2,86.1,5.0
Trevor Story,R,8.0,28.4,22.0,33.9,44.1,18.5,40.4,34.9,24.7,14.7,41.8,43.5,31.7,71.9,49.0,58.8,83.9,74.6,12.4
DJ LeMahieu,R,7.4,13.6,23.3,51.5,25.2,12.7,25.7,40.3,34.0,15.1,49.8,35.1,26.3,61.5,42.7,75.9,93.6,87.7,5.2
Javier Baez,R,5.0,27.1,18.9,47.7,33.3,22.9,39.1,35.4,25.5,19.4,45.2,35.4,44.9,75.1,56.5,54.1,80.1,67.4,18.4
Carlos Santana,B,15.4,14.2,17.5,42.2,40.3,14.4,48.2,32.7,19.2,19.4,44.3,36.3,22.3,64.4,40.1,71.3,87.2,82.1,7.2
Nolan Arenado,R,9.5,15.9,20.7,36.6,42.7,18.1,40.0,35.2,24.8,16.7,43.1,40.3,33.6,72.6,49.8,66.2,86.8,78.7,10.6
Yasmani Grandal,B,12.9,23.8,18.8,41.6,39.6,18.0,43.0,33.8,23.2,17.2,41.8,41.0,26.6,61.4,41.5,61.4,82.9,75.1,10.4
Max Muncy,L,15.9,26.0,22.2,36.5,41.3,28.6,44.5,32.0,23.5,11.8,41.4,46.9,22.5,61.0,38.7,59.0,80.6,73.3,10.3
Kris Bryant,R,12.4,21.0,21.0,36.8,42.2,15.1,44.2,33.2,22.6,16.5,50.5,33.0,29.3,72.4,47.3,62.2,83.9,76.1,11.3
Pete Alonso,R,10.8,25.7,17.9,42.1,40.0,31.3,45.4,37.6,17.0,13.4,43.6,43.0,33.3,67.0,45.3,63.3,83.6,74.0,11.8
Yoan Moncada,B,9.8,31.5,21.6,40.0,38.4,16.2,41.7,32.8,25.6,13.0,49.3,37.8,27.3,65.1,43.6,51.7,79.9,69.9,13.1
Francisco Lindor,B,8.5,13.9,20.2,40.6,39.2,15.9,41.2,34.7,24.1,15.3,45.0,39.7,32.5,69.7,48.1,75.0,91.8,85.2,7.1
Max Kepler,L,10.0,17.3,17.0,38.9,44.1,13.6,47.1,30.2,22.6,19.2,43.2,37.7,27.8,66.6,44.7,62.6,91.2,81.2,8.4
Juan Soto,L,15.9,19.9,19.8,47.3,32.9,23.9,37.7,34.7,27.7,16.7,46.7,36.6,22.8,64.7,39.8,65.2,86.5,79.2,8.3
Josh Donaldson,R,14.6,23.8,18.7,42.5,38.8,24.5,46.6,30.5,22.9,17.1,40.8,42.1,25.4,68.3,43.0,59.3,78.9,72.1,12.0
Jeff McNeil,L,6.0,12.4,22.5,41.1,36.4,9.2,41.1,33.2,25.7,15.5,50.0,34.5,39.0,84.5,58.1,71.7,88.9,82.2,10.3
Anthony Rizzo,L,11.9,13.1,22.6,40.4,37.0,16.5,44.4,33.8,21.8,18.1,46.5,35.4,32.2,66.7,46.4,73.1,90.4,83.4,7.7
Paul DeJong,R,7.4,24.3,22.0,34.7,43.3,16.0,46.9,31.8,21.2,19.2,40.9,39.9,30.7,69.6,48.1,58.8,85.5,76.1,11.5
Fernando Tatis Jr.,R,8.1,29.6,22.4,46.6,30.9,31.9,41.9,36.6,21.6,21.6,36.6,41.9,31.8,72.6,47.6,46.3,81.5,67.1,15.7
Freddie Freeman,L,11.9,18.5,28.5,36.5,35.0,19.7,41.0,31.3,27.6,11.4,46.0,42.6,33.0,83.9,53.4,67.4,83.4,77.5,12.0
Gleyber Torres,R,8.8,22.6,23.3,35.1,41.6,20.4,42.1,33.0,24.9,14.2,46.5,39.3,34.7,72.9,50.2,59.0,83.1,73.3,13.4
Jorge Polanco,B,8.1,15.8,23.2,33.9,42.9,8.3,39.8,34.5,25.7,18.8,47.5,33.8,27.0,63.7,43.2,72.7,91.6,85.1,6.5
Joey Gallo,L,14.3,36.8,20.5,28.5,51.0,30.3,48.2,29.7,22.1,13.5,38.1,48.4,30.3,72.3,46.1,43.3,72.1,60.3,18.3
Bryan Reynolds,B,9.6,22.0,24.7,45.2,30.1,15.9,36.3,36.3,27.4,16.1,39.0,44.9,31.1,73.3,47.4,58.1,87.3,75.5,11.6
Nelson Cruz,R,10.1,22.6,18.6,41.0,40.4,25.2,42.0,34.4,23.6,14.5,41.1,44.4,30.7,70.9,46.6,52.2,82.5,70.5,13.8
Jonathan Villar,B,8.1,27.1,20.4,53.9,25.7,18.4,39.1,35.3,25.5,24.0,45.8,30.2,30.3,71.3,48.2,62.0,79.2,73.1,13.0
Christian Vazquez,R,5.2,18.2,23.0,43.0,34.0,10.1,32.2,35.5,32.3,16.9,53.0,30.1,34.3,63.7,47.5,72.9,90.3,83.4,7.9
Bryce Harper,L,16.2,23.8,22.3,39.9,37.8,23.4,39.3,33.3,27.4,12.0,46.8,41.1,28.7,75.6,47.1,54.6,81.2,71.3,13.5
J.D. Martinez,R,10.6,22.7,21.8,41.0,37.2,28.7,38.9,32.0,29.1,11.7,41.7,46.6,32.6,76.7,50.7,56.7,83.7,73.4,13.5
Ozzie Albies,B,6.6,16.5,22.4,38.3,39.3,10.9,44.7,32.8,22.5,15.6,47.0,37.4,37.5,80.1,55.1,68.2,86.5,79.2,11.5
Brian Anderson,R,9.0,21.1,20.0,49.1,30.9,11.6,38.1,34.9,27.0,17.6,42.3,40.1,31.0,67.6,46.8,61.7,85.4,76.5,11.0
Justin Turner,R,10.4,13.1,24.1,31.4,44.5,12.3,37.2,36.4,26.4,10.7,44.5,44.8,26.3,67.0,44.3,77.8,90.0,86.0,6.2
Aaron Judge,R,16.7,30.7,24.0,38.9,37.0,33.0,40.0,32.2,27.9,12.0,39.7,48.4,24.6,65.9,40.9,43.8,79.8,66.7,13.6
Tommy Pham,R,12.8,21.8,22.5,51.4,26.1,23.1,36.9,37.8,25.3,14.5,43.0,42.5,20.5,60.6,38.3,60.5,87.6,79.5,7.9
Mark Canha,R,9.3,23.5,19.6,38.2,42.2,16.7,48.7,29.1,22.2,19.5,45.1,35.5,30.1,61.9,43.7,72.2,84.2,79.4,9.0
Yuli Gurriel,R,4.5,10.8,20.8,42.4,36.8,11.1,42.3,36.2,21.5,17.2,48.1,34.7,35.3,68.7,49.6,75.1,92.0,85.1,7.4
Hunter Dozier,R,8.5,25.7,22.2,36.9,40.9,14.5,40.5,33.7,25.8,13.6,40.3,46.1,31.8,67.3,46.7,51.5,90.4,75.1,11.7
Ramon Laureano,R,6.4,27.4,25.1,38.2,36.6,18.6,43.7,34.3,22.0,14.9,45.3,39.8,31.9,65.0,46.6,51.2,86.3,72.9,12.6
Brett Gardner,L,10.5,17.6,19.6,46.2,34.3,12.3,38.7,35.6,25.8,20.0,50.7,29.3,22.0,53.9,36.5,72.4,92.8,86.1,5.1
Carlos Correa,R,11.1,21.7,20.5,44.5,35.0,19.8,34.0,36.6,29.4,17.4,45.7,36.9,28.9,62.6,42.8,65.8,86.6,78.3,9.3
Jose Ramirez,B,11.1,11.8,21.0,35.2,43.9,14.1,48.3,30.5,21.2,17.7,45.8,36.6,24.4,64.4,41.2,77.6,92.5,87.3,5.2
Eric Sogard,L,11.5,14.1,27.0,34.6,38.4,7.2,37.1,34.5,28.4,16.9,50.7,32.4,22.6,55.6,37.3,81.4,94.6,90.2,3.7
Yordan Alvarez,L,13.6,23.7,24.4,36.9,38.8,33.9,42.5,33.8,23.8,9.4,40.0,50.6,31.2,64.5,44.2,66.3,84.6,76.7,10.3
Eduardo Escobar,B,7.5,19.5,23.1,32.3,44.6,13.3,41.6,34.1,24.3,14.4,48.2,37.4,39.1,71.8,52.7,67.7,86.2,78.2,11.5
Gio Urshela,R,5.0,16.5,24.1,42.3,33.6,12.3,35.6,39.1,25.3,15.5,47.0,37.5,40.9,73.9,55.0,73.7,86.9,81.2,10.3
Jose Altuve,R,8.8,13.4,21.2,47.7,31.1,15.4,43.5,35.0,21.6,17.7,49.4,32.9,33.3,68.2,47.4,73.9,89.9,83.2,8.0
Michael Conforto,L,12.9,24.2,22.0,38.9,39.1,21.4,39.7,33.1,27.2,17.7,45.3,37.0,27.1,66.7,43.8,60.0,83.0,74.8,11.1
David Fletcher,R,7.1,9.9,26.4,43.4,30.2,2.9,44.8,32.7,22.5,17.9,50.0,32.1,25.6,50.5,37.2,83.8,95.8,91.3,3.2
Kolten Wong,L,8.8,14.7,19.9,46.1,34.0,7.3,38.7,35.2,26.1,20.7,48.5,30.8,27.4,66.7,44.9,70.1,89.6,83.0,7.6
Marcell Ozuna,R,8.5,19.6,20.0,45.3,34.8,19.5,42.6,34.6,22.8,15.9,40.2,43.9,32.2,72.2,48.1,59.7,85.5,75.1,12.0
Manny Machado,R,8.7,16.8,17.1,41.2,41.8,16.2,39.2,35.4,25.5,18.3,41.9,39.7,32.4,71.7,48.4,65.8,88.0,79.2,10.1
Trea Turner,R,8.3,18.5,18.0,49.0,33.0,11.3,41.5,35.6,22.9,17.9,50.6,31.5,27.6,65.3,44.2,63.6,88.3,79.6,9.0
Mike Moustakas,L,7.3,16.1,19.5,35.0,45.5,16.2,42.3,32.9,24.9,20.8,41.1,38.1,37.3,74.7,52.7,67.9,88.3,79.8,10.7
Byron Buxton,R,6.7,27.3,22.8,35.8,41.4,11.2,48.1,32.5,19.4,18.9,50.5,30.6,34.0,70.3,50.6,53.9,82.7,72.2,14.1
Eugenio Suarez,R,11.2,24.9,23.9,37.9,38.3,22.8,45.7,30.8,23.5,14.9,42.2,42.9,25.5,68.1,43.9,55.2,86.4,76.1,10.5
Andrew Benintendi,L,10.4,18.5,22.0,39.4,38.6,9.6,35.9,35.7,28.3,14.5,53.2,32.3,30.0,70.8,46.8,72.4,86.9,81.5,8.7
Jean Segura,R,5.5,12.4,19.5,52.6,27.8,8.4,33.2,40.9,26.0,20.2,51.0,28.8,34.4,64.8,47.9,78.2,93.0,87.1,6.2
Matt Olson,L,10.1,25.4,20.7,34.8,44.4,22.2,45.9,31.9,22.2,15.3,37.0,47.7,26.7,68.7,44.7,65.9,78.4,74.1,11.6
Starling Marte,R,5.1,17.3,19.5,50.0,30.4,14.7,39.4,34.6,26.0,21.6,44.8,33.7,35.5,75.1,52.8,61.9,86.9,77.4,11.9
Kyle Seager,L,8.0,19.4,20.5,32.0,47.5,12.2,42.0,35.1,22.9,11.9,51.4,36.8,27.4,67.8,45.3,63.8,87.5,79.5,9.3
Brandon Lowe,L,8.4,31.2,24.4,35.3,40.2,20.6,44.0,34.0,22.0,14.2,46.6,39.2,32.4,78.5,52.7,41.9,77.9,65.5,18.2
Tim Anderson,R,3.3,24.5,20.4,49.7,29.9,14.9,41.2,33.2,25.7,19.5,50.6,29.9,41.8,73.2,55.4,58.0,86.1,74.0,14.4
Nick Ahmed,R,7.5,19.2,22.3,44.4,33.3,12.9,38.6,37.5,23.9,17.6,44.5,38.0,32.1,70.8,49.2,59.4,88.0,77.6,11.0
Mitch Garver,R,9.2,23.8,18.3,40.0,41.6,16.1,44.9,30.6,24.6,20.1,38.0,42.0,21.8,56.9,37.5,60.6,87.5,78.9,7.9
Whit Merrifield,R,6.7,15.4,26.7,37.1,36.2,8.6,34.4,35.8,29.8,14.8,49.6,35.6,33.5,68.3,48.9,72.8,89.2,82.9,8.3
Mike Tauchman,L,11.6,27.7,22.4,45.8,31.8,18.8,30.1,34.0,36.0,16.8,50.7,32.5,23.2,70.1,43.4,65.6,82.7,77.5,9.8
Adam Eaton,L,10.6,16.3,20.7,44.2,35.1,7.7,31.1,35.2,33.7,18.5,49.1,32.5,28.1,62.2,42.9,71.9,90.1,83.3,7.1
Corey Seager,L,10.2,19.4,23.9,40.8,35.3,12.6,36.9,35.2,28.0,14.1,43.9,42.0,29.5,78.7,50.2,56.7,87.1,76.7,11.7
Tom Murphy,R,4.3,38.2,24.6,30.5,44.9,21.4,48.7,31.0,20.3,16.6,44.4,39.0,37.0,68.3,50.2,47.7,80.9,66.8,16.7
Scott Kingery,R,6.1,27.2,24.9,35.2,39.9,10.1,44.6,34.0,21.4,18.9,45.8,35.2,36.6,68.5,50.5,58.6,81.1,71.9,14.2
Roberto Perez,R,10.5,30.0,16.8,49.1,34.1,19.6,36.7,38.0,25.3,18.4,43.9,37.8,22.6,60.6,39.1,55.2,80.2,72.0,10.9
Adalberto Mondesi,B,4.2,28.1,20.6,44.3,35.1,13.8,45.3,35.3,19.4,20.0,40.7,39.3,40.1,78.4,55.9,47.1,80.1,66.1,18.9
Edwin Encarnacion,R,13.2,21.2,20.4,35.0,44.6,20.5,47.5,30.7,21.8,16.6,43.9,39.6,26.5,67.3,43.5,63.0,83.2,76.0,10.4
Rhys Hoskins,R,15.5,22.9,20.3,28.8,50.9,17.5,49.5,31.3,19.3,17.5,42.5,40.0,23.1,60.5,38.9,66.8,85.9,79.4,8.0
Willson Contreras,R,10.1,23.2,17.1,51.4,31.5,19.0,42.3,32.7,25.0,20.1,46.5,33.4,33.8,69.1,48.5,60.2,79.8,71.8,13.7
Tommy La Stella,L,8.7,11.0,22.6,47.1,30.3,14.4,43.0,32.0,25.1,16.4,46.9,36.7,25.9,62.6,43.1,76.4,93.6,88.1,5.1
Austin Meadows,L,7.4,22.8,22.1,36.3,41.6,15.4,42.9,35.2,21.9,15.3,42.5,42.3,28.4,64.5,44.0,62.3,87.9,78.5,9.5
Hunter Renfroe,R,7.0,28.1,17.8,37.3,45.0,21.2,51.3,32.3,16.4,18.9,38.3,42.8,32.9,67.1,47.0,58.5,78.9,70.5,13.9
Miguel Sano,R,11.4,36.3,19.6,39.2,41.2,27.9,47.4,33.9,18.7,12.7,40.2,47.1,28.8,71.2,46.2,44.0,76.0,64.3,16.5
Josh Bell,B,11.8,18.9,18.6,48.1,33.3,17.7,39.5,33.4,27.1,17.6,45.0,37.4,27.7,70.1,44.7,67.0,84.0,77.7,10.0
Alex Verdugo,L,7.4,13.7,22.0,51.3,26.7,13.7,38.6,36.0,25.3,18.8,39.4,41.8,31.0,62.8,44.9,73.4,91.8,84.7,6.9
Amed Rosario,R,4.6,21.2,20.5,49.6,30.0,8.8,32.7,41.9,25.5,17.3,52.6,30.2,40.2,69.8,53.0,62.2,85.2,75.3,13.1
Trey Mancini,R,7.2,23.1,19.8,50.8,29.5,21.5,36.9,36.2,26.9,19.2,46.3,34.5,34.3,70.8,49.7,62.6,82.0,74.3,12.8
Victor Robles,R,5.7,22.8,21.8,38.7,39.5,12.9,44.9,31.4,23.7,23.2,52.1,24.7,30.4,71.8,48.3,63.7,86.6,78.4,10.4
Evan Longoria,R,6.3,18.4,20.1,42.3,37.6,12.0,41.7,33.9,24.4,15.4,45.5,39.1,33.8,68.1,48.6,70.9,86.2,80.2,9.7
Howie Kendrick,R,6.3,17.6,20.7,52.8,26.5,17.2,32.9,39.9,27.2,15.3,47.3,37.4,34.4,66.5,48.8,68.3,89.4,81.2,9.2
Freddy Galvis,B,6.1,21.0,22.7,39.4,37.9,9.5,38.8,33.4,27.8,15.0,51.5,33.6,36.6,69.5,50.8,67.9,85.3,78.2,11.1
Kole Calhoun,L,10.4,22.8,21.4,42.7,35.8,16.3,45.1,32.7,22.3,14.4,46.7,38.9,28.4,73.9,47.9,56.2,83.5,74.2,12.3
James McCann,R,6.0,25.7,24.9,39.6,35.4,12.2,37.7,32.6,29.7,15.0,47.2,37.8,35.2,67.1,49.1,59.3,86.3,75.3,12.1
Nicholas Castellanos,R,6.7,21.7,25.9,36.9,37.2,13.7,41.5,32.3,26.2,12.3,42.9,44.7,37.8,75.9,53.5,57.2,85.4,73.7,14.1
Jorge Soler,R,10.9,27.4,19.0,42.6,38.4,22.2,49.5,29.7,20.8,15.6,41.1,43.3,27.0,68.9,43.4,45.1,82.2,68.2,13.8
Willy Adames,R,8.5,27.6,20.3,49.5,30.2,17.0,38.3,35.7,26.0,15.5,45.1,39.4,27.2,70.7,46.6,57.5,83.2,74.9,11.7
Niko Goodrum,B,9.1,28.5,24.8,43.0,32.2,14.4,41.0,31.6,27.5,15.1,46.7,38.2,33.1,71.7,48.9,55.5,81.9,71.4,14.0
Carson Kelly,R,11.0,18.9,17.8,42.7,39.5,15.9,41.0,37.2,21.7,18.3,36.2,45.5,25.7,63.6,42.5,65.7,88.7,80.9,8.1
Charlie Blackmon,L,7.9,18.4,22.3,41.7,36.0,18.5,42.8,33.3,23.9,16.4,45.6,38.0,32.0,66.8,47.8,70.3,89.4,82.4,8.4
Christian Walker,R,10.3,27.1,21.4,39.4,39.1,20.7,38.6,36.2,25.2,14.2,39.1,46.7,29.1,79.0,49.9,55.8,80.8,72.3,13.8
Miguel Rojas,R,6.5,12.2,24.3,47.3,28.4,5.7,30.4,38.4,31.3,19.8,52.7,27.6,33.6,65.8,48.0,73.3,92.9,85.3,7.1
Manuel Margot,R,7.2,18.6,20.2,41.9,37.8,8.1,35.7,37.5,26.8,22.6,44.7,32.7,27.9,65.0,45.2,65.0,88.3,80.6,8.8
Danny Santana,B,4.1,27.4,22.4,44.2,33.4,19.9,42.2,33.3,24.6,13.5,45.3,41.2,41.6,74.9,56.0,58.2,83.2,72.6,15.3
Daniel Vogelbach,L,15.2,25.7,22.6,33.3,44.1,20.5,44.9,32.8,22.3,17.0,40.1,42.9,22.5,53.7,35.0,63.9,84.3,76.5,8.2
Paul Goldschmidt,R,12.5,23.9,22.0,41.5,36.5,22.5,37.8,37.6,24.6,14.5,39.2,46.4,28.2,64.1,43.3,66.8,81.1,75.7,10.5
Keston Hiura,R,8.0,30.6,24.0,36.8,39.2,22.4,31.0,40.4,28.7,16.4,40.4,43.3,35.1,74.2,51.7,48.3,77.5,66.1,17.5
Hunter Pence,R,7.0,20.9,16.8,52.1,31.1,14.2,32.5,37.5,30.1,18.7,48.1,33.2,33.8,70.0,48.5,60.0,81.0,72.4,13.4
Hanser Alberto,R,3.2,9.2,20.1,46.3,33.7,7.6,42.7,36.5,20.7,18.5,55.6,25.9,48.1,73.2,58.5,78.8,91.8,85.6,8.5
Lourdes Gurriel Jr.,R,5.0,23.6,20.6,42.0,37.3,19.7,42.3,31.6,26.0,17.5,45.0,37.5,38.5,70.9,51.3,61.5,82.8,73.2,13.8
Joc Pederson,L,10.0,20.7,17.6,41.8,40.6,19.4,46.6,32.5,20.9,16.9,42.4,40.7,30.0,65.5,45.0,67.0,83.8,77.3,10.2
Robinson Chirinos,R,11.0,29.7,20.3,34.8,44.9,18.2,48.7,30.5,20.8,16.5,43.2,40.3,30.3,67.0,45.0,52.9,79.5,68.8,14.0
Will Smith,R,9.2,27.7,23.3,23.3,53.4,30.8,42.5,42.5,15.1,13.7,41.1,45.2,24.8,63.9,41.8,52.1,85.7,74.4,10.7
Brian Goodwin,L,8.3,27.4,23.1,37.1,39.8,15.8,39.1,36.1,24.8,16.8,48.1,35.2,26.5,58.4,40.7,61.1,84.2,75.9,9.8
Shohei Ohtani,L,9.1,25.6,25.0,47.1,27.9,28.4,33.3,38.3,28.3,9.4,44.2,46.5,31.6,68.9,46.6,63.6,82.2,74.6,11.8
Tyler Flowers,R,9.8,26.4,21.6,43.1,35.3,14.8,43.6,31.5,24.9,15.7,43.8,40.5,27.8,70.8,46.3,54.3,83.1,73.3,12.4
J.D. Davis,R,8.5,23.1,21.5,50.1,28.3,20.2,40.9,33.8,25.3,13.1,47.1,39.8,28.4,75.7,49.8,61.7,77.1,72.3,13.8
David Peralta,L,7.8,18.9,19.8,52.4,27.8,17.2,35.5,37.7,26.9,18.3,40.7,41.0,33.3,70.0,48.8,65.9,87.0,78.7,10.4
Dansby Swanson,R,9.1,21.9,22.7,42.5,34.8,10.3,42.1,31.3,26.6,15.9,48.8,35.3,30.6,68.8,47.0,61.6,85.6,76.6,11.0
Gary Sanchez,R,9.2,24.7,19.3,39.4,41.2,23.3,51.0,31.5,17.5,18.9,42.9,38.1,34.1,63.0,45.6,58.2,83.9,72.3,12.6
Eric Thames,L,12.3,31.2,20.3,36.0,43.7,22.9,44.9,31.7,23.5,14.9,40.0,45.2,29.7,69.1,45.5,52.2,81.1,69.8,13.8
J.P. Crawford,L,11.6,23.6,23.0,40.4,36.6,7.1,37.3,34.7,28.1,22.9,50.1,26.9,22.0,64.5,41.7,65.9,84.4,79.2,8.7
Kevin Kiermaier,L,6.5,22.9,18.4,51.0,30.7,13.9,37.5,38.9,23.6,22.1,46.5,31.5,34.2,72.7,50.8,60.4,84.0,75.0,12.7
Jose Iglesias,R,4.0,12.3,23.2,48.2,28.6,6.1,39.6,33.5,27.0,21.4,49.6,29.0,40.8,61.5,50.1,78.8,93.0,86.6,6.7
Luke Voit,R,11.7,26.8,25.1,40.6,34.4,26.4,46.1,33.2,20.8,11.2,48.0,40.8,28.6,78.1,48.9,51.0,78.1,68.8,15.3
Yandy Diaz,R,10.4,17.7,19.6,53.7,26.7,12.2,29.8,39.6,30.7,16.3,43.7,40.0,21.8,70.1,43.0,67.0,87.3,81.6,7.9
Mike Yastrzemski,L,6.6,25.6,19.7,36.4,43.9,19.5,39.5,32.0,28.5,15.0,42.5,42.5,28.6,69.3,46.8,64.8,81.6,76.0,11.3
Jason Heyward,L,9.3,15.0,19.2,47.3,33.5,10.1,42.9,34.6,22.5,23.2,47.2,29.6,30.3,67.6,45.9,71.7,89.7,82.8,7.9
Derek Dietrich,L,7.1,23.7,21.9,38.0,40.1,14.3,42.5,33.6,23.9,20.5,43.9,35.7,32.1,69.9,48.6,63.3,85.9,77.5,10.9
Shin-Soo Choo,L,12.7,22.9,23.3,49.2,27.5,20.0,40.3,34.7,25.0,13.3,45.7,41.0,22.5,64.6,41.2,57.2,83.5,75.5,10.1
Andrelton Simmons,R,6.4,8.9,17.8,50.7,31.5,7.5,48.5,33.7,17.8,20.4,46.4,33.2,28.9,66.8,46.1,77.2,92.7,87.4,5.8
Andrew McCutchen,R,13.2,19.8,21.8,41.6,36.6,15.1,43.6,35.9,20.4,15.1,46.1,38.8,21.3,64.3,41.0,66.1,84.6,79.4,8.5
Omar Narvaez,L,11.3,18.2,27.3,39.0,33.7,12.6,35.8,35.0,29.3,19.1,53.8,27.2,25.3,69.1,44.7,72.5,88.0,83.1,7.5
Jason Castro,L,10.9,28.5,24.7,39.8,35.5,15.5,36.7,35.0,28.3,14.1,45.0,41.0,23.4,69.4,45.0,52.9,77.4,70.7,13.2
Brock Holt,L,10.4,19.3,22.9,52.2,24.9,8.1,39.1,33.7,27.2,18.0,51.9,30.1,22.8,57.2,38.4,71.4,92.6,85.8,5.5
Enrique Hernandez,R,10.3,20.3,19.3,38.1,42.6,14.2,43.9,33.1,23.0,17.5,43.9,38.6,27.5,69.7,45.4,61.5,85.6,77.2,10.3
Austin Hedges,R,6.0,29.6,19.4,35.2,45.5,14.1,44.8,33.4,21.7,23.9,42.1,34.1,37.2,69.4,51.0,54.7,81.3,70.2,15.2
Bo Bichette,R,5.6,24.0,25.0,40.9,34.1,26.7,43.2,29.6,27.3,12.5,50.0,37.5,38.3,74.6,52.4,69.8,83.0,77.1,12.0
Elvis Andrus,R,5.6,14.8,20.3,49.8,30.0,9.3,41.1,35.1,23.8,17.1,48.9,34.1,34.8,63.6,47.3,68.6,90.7,81.6,8.7
Jake Marisnick,R,6.4,33.3,19.6,38.0,42.5,19.4,38.8,32.7,28.4,20.5,49.4,30.0,36.0,72.4,51.2,53.7,80.7,69.6,15.6
Tyler Naquin,L,4.3,22.7,21.6,48.1,30.3,11.7,35.0,34.4,30.6,18.2,42.6,39.3,38.5,71.6,52.7,70.4,84.3,78.5,11.3
Austin Nola,R,6.7,22.1,17.9,37.5,44.6,14.0,35.4,37.2,27.4,21.2,43.4,35.4,27.4,67.0,46.5,60.0,87.6,79.1,9.7
Kevin Newman,R,5.3,14.1,20.5,52.5,27.0,6.4,36.8,36.8,26.5,22.1,53.2,24.8,37.2,68.3,50.3,74.6,94.1,85.8,7.2
Danny Jansen,R,8.5,20.0,20.5,38.4,41.1,12.1,53.6,25.2,21.2,18.9,42.7,38.4,29.2,70.6,46.0,67.5,89.2,81.0,8.8
Leury Garcia,B,3.6,22.8,22.9,53.7,23.3,11.0,34.8,34.8,30.4,17.5,54.1,28.4,38.1,74.8,54.8,62.9,85.5,77.0,12.6
Jon Berti,R,7.4,22.8,28.0,54.4,17.6,22.7,35.7,37.3,27.0,17.5,40.5,42.1,25.2,62.5,41.4,59.1,88.5,78.4,9.0
Kevin Pillar,R,3.8,15.8,22.2,40.4,37.4,10.0,42.1,33.8,24.1,21.2,46.2,32.6,43.4,69.3,54.3,70.6,92.6,82.4,9.6
David Dahl,L,6.9,26.0,24.8,40.6,34.6,19.9,40.3,34.6,25.1,14.3,48.7,37.0,38.6,74.7,53.4,62.3,78.9,71.8,15.1
Cesar Hernandez,B,10.5,18.3,22.2,48.8,29.0,8.8,38.1,34.6,27.3,21.2,52.7,26.2,23.5,61.8,40.9,65.6,89.4,81.9,7.4
Harrison Bader,R,8.9,27.9,22.4,40.2,37.4,12.3,43.0,33.3,23.7,19.5,42.8,37.7,29.4,63.4,43.9,57.9,85.2,74.7,11.1
Dexter Fowler,B,12.2,22.2,23.3,39.2,37.6,13.4,41.6,35.4,23.1,15.1,47.1,37.8,25.2,67.4,42.8,62.4,84.6,77.0,9.9
Eddie Rosario,L,5.0,16.7,20.3,38.4,41.3,14.8,43.3,34.2,22.5,16.7,47.9,35.4,41.9,78.2,57.0,72.1,83.5,78.6,12.2
Jordan Luplow,R,9.4,22.9,18.7,41.0,40.3,15.7,46.5,31.4,22.1,17.7,50.2,32.1,25.1,74.9,46.9,63.5,81.6,76.1,11.2
Marwin Gonzalez,B,8.8,21.1,22.1,42.9,34.9,15.2,41.5,35.7,22.8,16.4,46.5,37.1,32.1,62.4,44.8,66.7,87.0,78.6,9.6
Avisail Garcia,R,5.8,22.9,20.1,48.9,31.0,17.9,44.1,34.2,21.8,17.0,45.3,37.7,41.0,82.1,58.0,52.8,81.9,69.9,17.5
Greg Garcia,L,11.8,21.2,25.1,49.8,25.1,6.6,28.2,39.3,32.5,18.7,56.4,25.0,19.2,59.3,38.1,65.2,90.7,83.9,6.1
Brian Dozier,R,11.5,20.8,18.2,38.2,43.6,14.4,51.1,31.4,17.4,16.6,46.9,36.5,22.6,61.7,40.1,63.3,84.7,78.0,8.8
Ryan Braun,R,7.5,19.2,20.5,49.6,29.9,19.7,40.0,34.4,25.6,17.7,40.2,42.1,37.4,71.3,51.7,64.6,88.2,78.3,11.2
Cameron Maybin,R,10.8,21.7,18.7,51.1,30.3,10.4,36.9,38.7,24.4,19.7,48.5,31.8,24.1,59.6,39.5,57.7,88.6,78.0,8.7
David Bote,R,10.4,27.1,21.1,53.6,25.2,20.0,39.1,36.6,24.3,15.1,47.3,37.5,31.8,68.1,46.9,51.4,81.2,69.5,14.3
Chris Taylor,R,9.0,27.3,25.4,37.7,36.9,13.7,37.4,33.4,29.2,14.3,50.0,35.8,26.5,71.8,47.3,52.6,81.7,72.9,12.8
Travis d'Arnaud,R,7.5,18.6,18.3,41.7,40.1,14.7,36.9,34.2,28.9,17.3,47.7,35.0,33.1,72.2,50.9,65.3,83.6,77.1,11.6
Austin Slater,R,10.0,27.6,19.9,59.1,20.9,12.9,30.0,38.7,31.3,21.9,41.1,37.0,28.6,66.9,45.4,54.6,84.7,74.1,11.8
Anthony Santander,B,4.9,19.1,19.9,37.7,42.5,9.9,45.7,29.9,24.5,19.4,43.9,36.7,38.9,70.8,51.4,72.9,85.9,79.9,10.3
Victor Caratini,B,8.7,21.6,21.3,54.2,24.5,13.2,33.3,42.3,24.4,17.3,50.3,32.4,27.9,67.7,45.9,55.7,89.5,78.2,10.0
David Freese,R,10.6,23.1,21.7,53.1,25.2,19.0,30.8,37.0,32.2,17.1,47.5,35.4,27.5,62.7,43.5,64.0,83.7,76.9,10.0
Luis Arraez,L,10.0,8.0,30.2,40.1,29.7,5.0,29.6,36.0,34.5,12.3,52.2,35.5,26.8,60.4,41.4,87.1,94.8,91.9,3.3
Jackie Bradley Jr.,L,9.0,24.8,18.5,47.4,34.0,14.0,43.0,34.0,23.0,14.8,49.0,36.2,29.1,70.2,47.3,58.4,78.0,71.3,13.6
Donovan Solano,R,4.6,21.1,35.0,35.0,30.1,9.3,25.9,46.2,28.0,15.4,46.2,38.5,39.0,66.4,50.6,73.7,89.3,82.4,8.9
Jarrod Dyson,L,9.1,15.8,20.1,47.4,32.5,6.1,39.3,36.9,23.8,24.3,53.1,22.6,25.5,62.0,42.3,71.8,89.7,83.9,6.8
Adam Frazier,L,7.6,13.0,24.0,45.5,30.6,7.5,36.1,32.9,31.0,16.8,52.9,30.3,28.5,67.9,46.3,77.6,91.4,86.8,6.1
Mitch Haniger,R,9.5,23.4,20.5,41.5,38.0,16.7,45.9,34.6,19.5,17.5,46.5,36.0,25.3,62.5,42.0,58.8,86.8,77.5,9.5
Buster Posey,R,9.7,12.9,22.7,45.7,31.6,6.8,35.1,39.0,25.9,13.6,51.2,35.3,28.4,66.8,45.0,74.7,91.0,85.2,6.7
Jorge Alfaro,R,3.8,34.7,22.6,51.1,26.3,21.8,29.5,39.2,31.3,17.4,44.2,38.4,48.4,80.6,61.4,46.9,76.3,62.5,23.0
Jason Kipnis,L,8.9,18.2,20.2,36.7,43.1,10.0,40.8,35.2,24.0,18.1,47.3,34.6,28.8,64.4,44.5,64.5,90.2,80.9,8.5
Alex Dickerson,L,8.0,21.3,25.0,38.5,36.5,15.8,39.4,34.6,26.0,15.4,44.2,40.4,32.8,71.1,49.1,63.5,89.2,79.3,10.1
Tommy Edman,B,4.5,17.1,22.8,42.7,34.5,8.5,38.2,35.8,26.0,17.9,41.0,41.0,32.1,67.0,47.9,73.2,89.4,83.5,7.9
Asdrubal Cabrera,B,8.8,18.9,20.5,41.4,38.1,12.1,47.9,31.7,20.5,15.7,46.0,38.3,30.2,69.8,47.3,70.0,87.1,80.9,9.0
Jonathan Schoop,R,4.5,22.7,19.9,43.5,36.6,17.7,44.4,34.5,21.0,22.8,42.9,34.3,40.8,76.7,55.4,57.4,84.2,72.5,15.3
Robbie Grossman,B,13.5,17.6,24.9,39.5,35.6,6.2,35.1,37.3,27.6,16.2,51.4,32.4,18.2,63.2,38.5,66.2,91.6,84.9,5.8
Luis Rengifo,B,10.3,21.4,22.2,46.4,31.4,8.0,41.1,32.8,26.1,15.8,51.0,33.2,27.3,65.0,44.1,65.3,83.3,77.1,10.1
Jesse Winker,L,11.9,15.2,23.9,46.8,29.3,16.9,39.0,36.9,24.1,13.5,45.4,41.1,23.2,66.6,42.6,71.7,90.0,84.4,6.6
Renato Nunez,R,7.6,24.1,19.5,35.3,45.2,15.6,46.3,30.7,23.1,21.1,44.0,34.9,35.7,67.6,48.7,59.7,84.2,73.5,12.9
Yasiel Puig,R,8.7,19.6,19.2,42.8,38.0,18.4,41.6,33.5,24.9,21.0,42.5,36.5,31.6,73.3,49.1,59.6,86.6,76.5,11.5
Lorenzo Cain,R,9.4,15.8,23.6,49.5,26.8,9.3,30.7,38.0,31.3,18.4,46.8,34.8,27.6,67.1,45.2,66.1,91.0,82.6,7.9
Aaron Hicks,B,14.4,20.9,18.6,42.0,39.4,18.1,44.6,35.1,20.3,19.6,43.8,36.5,22.3,64.2,39.7,62.7,81.4,75.3,9.8
Stephen Vogt,L,7.1,20.2,20.5,33.2,46.3,11.5,38.2,33.7,28.1,19.1,44.6,36.3,34.8,63.6,46.6,71.7,87.6,80.6,9.0
Ryan McMahon,L,10.7,29.6,21.5,50.4,28.1,20.9,32.1,38.7,29.3,16.5,42.2,41.2,30.4,77.1,50.4,54.8,77.9,69.9,15.2
Brian McCann,L,9.4,16.1,19.1,38.9,42.0,13.0,45.6,32.6,21.8,19.3,49.0,31.7,28.2,62.1,42.7,75.8,88.3,83.6,7.0
Yolmer Sanchez,B,7.1,21.0,21.4,46.3,32.2,6.0,34.6,36.0,29.4,18.6,55.1,26.3,34.2,66.1,48.4,68.8,85.7,79.1,10.1
Jose Osuna,R,4.6,18.0,20.6,48.8,30.5,15.4,38.6,32.1,29.2,19.3,47.8,32.9,35.3,72.0,51.1,67.2,87.2,79.3,10.6
Delino DeShields,R,10.5,23.8,21.5,45.5,33.0,5.0,35.3,34.5,30.3,17.9,54.9,27.2,23.4,58.9,39.8,59.2,89.1,79.6,8.1
Cesar Puello,R,7.5,26.9,19.3,67.0,13.8,26.7,44.6,37.3,18.2,30.9,36.4,32.7,34.1,60.1,44.7,55.4,84.3,71.2,12.9
Jay Bruce,L,9.1,22.5,21.0,30.1,48.9,16.1,44.4,33.1,22.5,14.5,46.6,38.9,32.8,75.8,50.9,57.5,82.2,73.0,13.8
Alex Avila,L,16.7,33.7,24.3,45.3,30.4,26.3,42.3,34.3,23.4,8.2,41.5,50.3,15.0,59.0,35.7,40.7,73.1,65.9,12.2
Didi Gregorius,L,6.0,12.6,19.8,37.3,42.9,13.6,41.0,37.1,21.9,22.6,47.8,29.6,39.2,78.3,55.3,69.8,89.0,81.0,10.5
Matt Beaty,L,6.5,12.5,19.8,45.7,34.6,12.5,44.4,38.3,17.3,14.2,43.2,42.6,32.3,64.7,45.7,69.9,92.7,83.2,7.7
Pablo Sandoval,B,6.4,20.8,19.0,48.1,32.9,16.3,31.8,38.4,29.8,17.4,44.4,38.2,40.8,72.9,53.5,72.1,81.9,77.4,12.1
Jose Abreu,R,5.5,19.7,20.2,45.4,34.4,18.5,39.9,34.7,25.4,16.5,44.1,39.5,35.8,67.2,49.0,64.1,88.5,78.2,10.7
Addison Russell,R,8.5,22.4,22.4,42.8,34.8,10.2,36.1,35.9,28.0,17.8,51.4,30.9,31.4,69.5,48.1,58.7,83.7,74.5,12.2
Josh VanMeter,L,11.6,21.4,29.8,35.1,35.1,12.5,45.6,33.3,21.1,13.2,38.6,48.3,25.9,55.6,39.0,64.7,85.0,77.5,8.8
Nick Senzel,R,7.3,23.1,20.5,48.3,31.3,13.6,33.5,35.4,31.2,17.7,42.3,40.0,31.7,74.2,49.5,68.3,84.0,78.1,10.8
Ender Inciarte,L,7.7,13.7,23.9,46.4,29.7,7.2,35.8,36.3,28.0,20.6,52.0,27.4,33.2,70.9,50.4,78.4,90.8,86.4,6.9
Ehire Adrianza,B,7.8,18.1,24.9,39.3,35.8,6.3,41.2,33.4,25.4,18.2,49.0,32.9,27.8,69.4,46.7,69.8,91.4,84.4,7.3
Garrett Cooper,R,7.8,27.4,25.9,53.5,20.6,20.7,34.4,32.6,33.0,19.5,42.9,37.6,36.5,65.9,48.3,67.7,85.0,77.2,11.0
Vladimir Guerrero Jr.,R,9.7,16.9,18.2,48.3,33.4,14.9,40.4,37.1,22.5,20.9,42.4,36.8,31.0,71.2,46.0,64.8,87.7,78.1,10.1
Manny Pina,R,6.4,21.6,24.0,37.2,38.8,10.8,44.5,29.9,25.6,18.2,47.0,34.8,32.2,67.0,47.6,66.8,88.2,80.1,9.5
Wilson Ramos,R,7.5,15.9,19.1,56.6,24.3,19.7,41.3,33.0,25.7,18.5,46.6,34.9,37.8,76.9,54.1,66.2,89.0,79.7,11.0
Oscar Mercado,R,5.3,17.0,21.6,41.3,37.1,10.2,39.4,35.8,24.8,17.2,44.5,38.3,32.3,78.0,51.8,58.8,88.6,77.9,11.4
Kyle Schwarber,L,13.0,27.9,17.4,40.3,42.4,23.7,42.2,31.5,26.2,17.2,44.3,38.6,26.3,66.5,42.9,57.6,81.7,73.0,11.6
Corey Dickerson,L,5.1,19.6,24.3,39.1,36.5,12.7,32.5,35.8,31.7,18.7,47.0,34.3,45.2,78.8,58.7,72.5,79.9,76.5,13.8
Jake Cave,L,6.9,32.5,24.9,47.5,27.5,24.7,37.7,39.6,22.8,7.5,50.4,42.2,34.4,68.2,48.7,52.4,83.3,70.7,14.3
Willie Calhoun,L,5.3,18.9,20.0,38.9,41.1,16.2,50.4,32.2,17.4,17.4,49.3,33.3,35.6,71.2,50.1,74.2,90.3,83.5,8.3
Austin Riley,R,5.1,35.3,27.2,25.2,47.6,24.3,36.3,42.5,21.2,21.2,34.3,44.5,42.4,81.4,57.0,51.2,73.0,62.9,21.2
Teoscar Hernandez,R,8.5,32.0,18.8,37.2,44.0,19.4,41.9,33.4,24.7,15.8,45.7,38.5,31.6,73.4,48.8,50.4,75.6,66.0,16.6
Curt Casali,R,10.0,22.5,28.4,33.6,37.9,13.6,41.5,34.2,24.4,18.8,45.7,35.5,25.6,68.7,44.0,56.5,87.7,77.2,10.0
A.J. Pollock,R,7.3,19.0,20.8,43.7,35.5,15.1,45.8,34.1,20.1,16.0,43.8,40.2,30.4,64.5,45.3,60.8,91.3,79.8,9.2
Tim Locastro,R,7.0,15.5,17.5,42.7,39.9,1.8,48.3,29.3,22.5,27.9,42.9,29.3,36.2,54.4,44.0,74.4,90.1,82.7,7.6
Josh Phegley,R,4.9,18.1,21.5,35.7,42.8,8.5,46.6,31.0,22.4,16.8,52.2,31.0,34.8,65.4,47.8,64.5,88.4,78.4,10.3
Russell Martin,R,14.3,22.8,19.8,49.7,30.5,15.8,42.4,36.7,21.0,19.4,50.0,30.6,17.6,61.1,37.7,55.9,83.6,76.6,8.8
Michael Brosseau,R,3.8,25.0,16.5,39.6,44.0,15.0,38.0,31.5,30.4,27.2,30.4,42.4,41.2,72.5,53.9,70.9,84.5,78.3,11.7
Tucker Barnhart,B,10.7,18.8,24.7,45.3,30.0,10.3,43.4,33.3,23.3,15.3,48.6,36.1,28.6,70.0,46.4,65.3,89.2,80.8,8.9
Dominic Smith,L,7.0,26.5,21.4,42.2,36.4,19.0,39.8,34.9,25.4,13.8,51.3,34.9,36.3,68.4,49.7,62.5,81.9,73.6,13.1
Ben Gamel,L,8.6,23.7,23.6,45.6,30.7,8.2,34.5,35.7,29.8,16.2,52.3,31.5,27.2,61.3,42.4,63.0,89.5,80.1,8.4
Michael Chavis,R,8.1,33.2,19.5,45.0,35.5,23.1,37.3,39.1,23.6,20.9,45.0,34.1,35.3,75.8,51.6,47.1,75.5,63.9,18.6
Jacob Stallings,R,8.4,19.7,21.0,46.2,32.9,8.5,43.8,32.6,23.6,13.9,54.2,31.9,34.5,68.9,48.6,64.2,84.5,76.0,11.7
Alex Gordon,L,8.3,20.3,24.0,44.4,31.6,9.6,40.5,35.1,24.4,17.0,47.7,35.4,29.1,69.8,47.2,61.1,87.8,78.7,10.1
Chad Pinder,R,6.4,26.2,19.9,45.4,34.7,18.3,36.4,38.8,24.8,14.7,46.1,39.2,33.4,77.2,53.0,57.5,83.9,74.6,13.4
Franmil Reyes,R,8.1,27.9,20.4,44.7,34.8,30.2,36.6,40.0,23.4,14.4,39.8,45.8,33.7,74.8,50.0,50.7,78.1,67.0,16.5
Dustin Garneau,R,10.0,25.2,19.0,33.8,47.2,7.5,53.9,22.4,23.8,23.1,50.4,26.6,27.5,73.4,49.7,56.4,84.6,76.5,11.7
Matt Carpenter,L,15.5,22.8,24.5,27.9,47.6,14.7,47.1,30.2,22.8,10.4,44.6,45.0,19.6,58.0,36.6,61.4,86.9,79.3,7.6
Mike Freeman,L,9.5,26.2,19.8,49.6,30.6,13.5,37.1,34.9,28.0,16.7,49.2,34.1,27.0,65.4,44.9,72.7,83.5,80.0,9.0
Matt Joyce,L,13.1,20.9,22.2,36.5,41.3,14.0,42.0,36.4,21.6,14.7,52.7,32.5,22.3,69.8,43.3,62.0,81.9,76.2,10.3
Todd Frazier,R,11.1,22.6,19.2,35.5,45.3,14.4,49.6,30.1,20.3,20.6,44.5,34.9,26.5,60.5,40.9,64.8,84.2,76.9,9.4
Cavan Biggio,L,16.1,28.7,27.0,28.7,44.3,13.0,50.6,31.0,18.4,13.8,44.8,41.4,15.0,62.9,35.4,46.2,86.2,76.5,8.3
Myles Straw,R,15.0,19.5,23.3,45.2,31.5,4.3,18.9,44.6,36.5,13.5,55.4,31.1,18.5,57.7,35.5,79.3,91.3,87.8,4.3
Stephen Piscotty,R,8.8,20.4,20.3,45.8,34.0,14.9,39.5,36.3,24.3,13.5,47.3,39.2,34.4,71.7,50.6,59.8,85.2,75.4,12.4
Justin Smoak,B,13.7,22.4,19.9,36.9,43.2,18.2,45.3,33.5,21.2,14.2,47.4,38.5,24.6,65.2,41.1,61.1,86.8,77.6,9.2
Billy Hamilton,B,7.8,22.6,24.9,42.0,33.1,2.4,37.1,34.7,28.1,25.8,55.6,18.6,29.6,65.5,46.2,68.4,86.4,80.2,9.2
Colin Moran,L,7.4,20.1,25.8,43.9,30.3,13.0,40.4,32.6,27.0,15.1,50.8,34.2,33.9,74.8,51.5,64.2,88.2,79.1,10.7
Wilmer Flores,R,5.7,11.7,19.9,36.4,43.7,9.8,40.2,33.1,26.7,19.5,45.7,34.8,32.5,68.5,48.7,81.4,90.9,87.4,6.1
Matt Adams,L,6.7,25.9,20.5,35.5,44.1,20.8,48.5,31.2,20.3,16.7,44.4,38.9,37.2,72.8,51.4,58.9,83.4,72.8,14.0
Nathaniel Lowe,L,8.7,25.2,28.4,29.7,41.9,16.1,28.4,39.2,32.4,17.6,40.5,41.9,29.1,71.8,45.9,61.9,93.3,81.3,8.6
Rio Ruiz,L,10.0,23.3,19.9,46.4,33.6,10.6,40.7,35.7,23.6,18.3,47.8,33.9,28.4,71.4,47.3,58.5,84.5,75.7,11.5
Austin Barnes,R,12.5,22.3,20.9,46.4,32.7,11.3,38.2,37.7,24.1,22.0,46.1,31.9,19.9,56.7,37.1,68.0,89.8,83.6,6.1
Ji-Man Choi,L,12.0,22.0,20.9,44.5,34.6,16.5,39.1,35.2,25.7,11.9,47.3,40.8,24.5,66.9,42.2,57.4,84.4,75.3,10.4
Ryan Goins,L,6.9,22.6,17.7,49.4,32.9,6.9,33.9,34.7,31.3,18.6,53.3,28.1,29.9,61.1,43.6,67.6,85.4,78.6,9.4
Mike Zunino,R,7.6,36.1,19.3,36.0,44.7,19.7,52.2,29.1,18.8,17.6,43.0,39.4,32.8,72.1,49.8,45.5,75.0,64.0,17.9
Yadier Molina,R,5.3,13.0,23.3,40.6,36.1,11.2,45.1,31.8,23.1,15.5,44.0,40.5,39.0,71.0,53.2,77.1,87.5,83.3,8.9
Joey Votto,L,16.4,15.7,26.2,37.6,36.3,13.6,36.2,34.5,29.3,10.0,51.1,39.0,17.6,69.4,41.1,75.1,87.6,84.7,6.3
Brad Miller,L,12.8,28.6,17.3,44.3,38.4,12.3,34.0,37.3,28.7,17.6,42.4,40.0,28.2,71.8,46.3,59.7,77.1,70.9,13.5
Randal Grichuk,R,6.0,27.6,19.3,37.4,43.2,17.4,49.4,30.2,20.5,19.7,43.0,37.2,35.6,71.2,50.6,55.9,84.1,72.7,13.8
Phillip Ervin,R,7.4,23.8,26.0,36.5,37.5,12.0,36.7,32.9,30.4,21.2,44.0,34.8,28.3,69.5,46.6,62.6,82.0,75.5,11.5
Adam Engel,R,4.7,31.0,17.4,41.9,40.6,6.2,44.2,31.0,24.9,25.6,48.9,25.6,36.5,66.6,49.9,54.1,80.1,69.5,15.2
Nomar Mazara,L,7.6,21.5,19.5,49.4,31.1,16.4,36.1,36.4,27.5,19.4,42.7,37.9,34.7,66.3,47.5,64.3,84.4,75.7,11.5
Aledmys Diaz,R,5.2,13.4,17.1,44.0,38.8,11.3,47.8,31.7,20.4,20.0,51.2,28.8,38.2,74.4,54.3,64.2,88.9,79.3,11.3
Tim Beckham,R,6.4,28.3,20.3,47.5,32.3,18.2,43.8,33.9,22.3,19.5,45.4,35.2,32.5,68.8,48.6,54.3,81.8,71.6,13.8
Neil Walker,B,11.2,19.5,24.3,37.8,37.9,10.4,42.5,34.4,23.1,17.1,47.1,35.8,29.1,65.9,44.3,65.4,86.4,78.3,9.6
Austin Romine,R,5.6,23.1,21.2,46.7,32.1,11.3,29.1,37.9,32.9,20.2,46.7,33.1,37.2,70.4,51.6,63.7,86.5,77.1,11.8
Eric Hosmer,L,8.6,19.2,21.3,57.5,21.3,21.4,32.5,37.9,29.6,21.4,44.8,33.9,32.8,70.9,48.5,60.6,86.8,76.4,11.4
Pedro Severino,R,8.3,22.9,22.5,40.3,37.2,9.8,49.9,32.3,17.8,22.0,49.6,28.4,29.3,69.3,45.9,61.5,87.0,77.5,10.3
Francisco Mejia,B,6.1,23.9,18.9,39.8,41.3,13.3,52.7,29.6,17.7,20.2,43.8,36.0,48.2,70.6,56.4,71.4,81.9,76.2,13.4
Jurickson Profar,B,9.0,15.2,21.5,43.2,35.3,12.8,43.1,31.7,25.2,21.4,42.0,36.7,31.1,68.9,47.2,70.8,89.0,82.1,8.4
Martin Maldonado,R,4.7,24.3,17.6,46.2,36.2,11.2,44.2,31.5,24.4,18.6,49.9,31.5,35.3,65.4,49.0,58.1,86.4,75.2,12.1
Charlie Culberson,R,6.2,27.4,20.6,49.5,29.9,17.8,41.7,34.9,23.5,21.8,44.6,33.6,39.3,73.5,53.3,58.2,79.7,70.3,15.8
Mitch Moreland,L,10.4,21.4,19.8,43.5,36.8,16.0,41.1,34.4,24.6,13.7,49.1,37.1,28.6,71.4,46.6,57.9,84.1,74.8,11.8
Ronny Rodriguez,R,4.4,23.4,18.0,41.4,40.7,12.5,48.7,31.8,19.5,19.8,42.9,37.3,43.4,69.7,53.6,57.5,81.5,69.7,16.3
Robinson Cano,L,7.3,14.2,20.3,49.1,30.5,13.5,37.1,36.3,26.6,13.8,48.2,38.0,35.6,72.5,51.3,70.8,90.7,82.8,8.8
Logan Forsythe,R,12.7,23.7,21.1,45.7,33.2,6.0,37.3,35.3,27.5,14.2,47.5,38.3,15.9,53.7,33.5,66.6,86.9,81.7,6.1
Victor Reyes,B,3.7,21.9,26.1,50.4,23.5,3.1,32.6,36.2,31.2,17.7,47.2,35.1,44.4,72.0,56.1,74.2,86.8,81.0,10.6
Dee Gordon,L,3.0,13.7,22.0,55.8,22.2,3.2,31.9,36.1,32.0,22.2,58.9,18.9,38.3,69.2,53.0,76.5,91.9,86.1,7.4
Adam Jones,R,4.5,16.9,20.5,43.9,35.6,12.0,41.9,32.1,26.0,19.0,47.7,33.3,42.4,74.9,55.6,63.5,88.5,77.2,12.7
Kevin Plawecki,R,9.6,20.2,18.0,46.1,35.9,10.0,44.2,35.7,20.1,19.5,47.5,33.0,27.3,67.8,45.7,60.9,88.0,79.2,9.5
Clint Frazier,R,6.4,29.3,20.2,39.9,39.9,15.2,39.5,35.5,25.0,19.4,43.2,37.5,26.0,72.1,45.9,45.0,85.1,72.2,12.8
Cam Gallagher,R,7.1,19.7,20.0,37.0,43.0,7.0,37.7,30.6,31.8,20.6,53.5,25.9,27.0,63.3,43.0,63.8,92.3,82.3,7.6
Mike Ford,L,9.5,16.4,18.1,34.9,47.0,20.5,43.4,38.6,18.1,12.1,45.8,42.2,23.0,64.6,41.0,63.2,87.7,79.9,8.2
Harold Ramirez,R,3.8,21.1,19.0,60.3,20.6,13.5,38.5,34.5,27.0,19.4,44.8,35.7,42.7,71.1,53.3,65.4,88.2,76.8,12.4
Domingo Santana,R,10.6,30.9,26.5,44.6,28.9,25.1,37.1,37.1,25.8,12.3,47.1,40.6,27.3,71.5,46.6,51.2,78.7,69.6,14.2
Adam Haseley,L,4.4,26.7,21.1,57.8,21.1,15.8,38.9,43.3,17.8,13.3,52.2,34.4,36.6,71.3,50.5,48.4,86.8,70.1,15.1
C.J. Cron,R,6.3,24.1,21.9,38.4,39.6,18.6,44.2,33.4,22.5,19.4,41.5,39.1,37.4,70.3,51.0,61.9,83.8,74.4,13.1
Brandon Crawford,L,8.1,20.5,22.8,45.9,31.3,10.6,36.6,36.2,27.2,18.3,45.8,35.9,32.0,77.6,51.8,58.5,82.4,74.0,13.5
Yan Gomes,R,7.8,25.5,21.9,36.6,41.4,12.3,43.1,32.5,24.4,18.0,47.5,34.5,36.5,71.8,51.9,62.5,82.6,74.6,13.2
Eloy Jimenez,R,6.3,27.6,15.3,49.4,35.3,25.0,42.6,34.1,23.3,20.1,43.4,36.6,36.0,71.1,49.2,58.3,78.9,69.5,15.0
Sean Rodriguez,R,11.4,34.7,19.4,37.5,43.1,15.1,44.8,33.6,21.5,23.3,43.1,33.6,29.1,73.1,47.5,41.5,76.0,63.7,17.2
Dylan Moore,R,9.0,33.8,13.4,38.4,48.2,13.0,37.7,36.0,26.3,19.3,47.4,33.3,26.5,66.5,43.9,61.1,81.0,74.2,11.3
Mallex Smith,L,8.0,21.6,22.7,49.6,27.7,4.2,31.8,34.6,33.6,23.1,50.7,26.2,29.1,69.8,47.6,60.6,81.7,74.7,12.1
Brandon Nimmo,L,15.3,27.2,22.8,43.4,33.8,15.1,41.1,33.2,25.8,17.1,46.9,36.0,18.8,62.3,38.4,54.8,83.1,75.5,9.4
Josh Reddick,L,8.0,13.5,22.0,36.8,41.1,8.4,38.4,35.8,25.9,17.6,51.0,31.4,29.4,68.2,46.1,75.0,91.9,85.7,6.6
Tyler Austin,R,8.8,36.9,22.4,38.4,39.2,27.6,36.3,35.1,28.7,12.4,49.4,38.3,31.3,70.8,47.5,44.0,75.6,63.4,17.4
Roman Quinn,B,8.3,26.0,17.6,48.4,34.0,11.5,34.9,43.0,22.1,21.5,52.3,26.2,26.6,68.9,45.6,50.7,83.7,73.0,12.3
Guillermo Heredia,R,7.8,17.3,20.9,45.0,34.1,6.5,38.5,34.3,27.2,23.0,52.7,24.4,23.5,67.1,43.8,68.7,89.0,83.1,7.4
Kyle Farmer,R,4.3,25.2,27.6,41.4,31.0,14.8,51.1,27.8,21.0,14.2,46.0,39.8,38.1,63.7,49.0,64.4,83.0,74.7,12.4
Kurt Suzuki,R,5.9,11.9,22.0,35.3,42.6,13.5,51.5,31.7,16.8,18.1,46.2,35.8,36.5,73.2,52.6,72.0,91.6,84.0,8.4
Jordy Mercer,R,7.7,18.0,23.5,43.9,32.5,9.1,40.8,39.0,20.1,18.8,49.0,32.2,27.6,60.0,42.5,67.1,90.4,82.2,7.6
Gordon Beckham,R,6.3,26.6,19.9,40.9,39.2,6.8,52.1,27.7,20.2,13.3,48.9,37.8,34.3,70.6,50.1,64.4,79.9,73.9,13.1
Nick Markakis,L,10.2,13.6,24.6,46.4,29.1,7.9,33.3,37.5,29.2,14.5,47.8,37.8,25.0,60.8,40.9,79.9,91.9,87.8,5.0
Adeiny Hechavarria,R,4.7,19.5,20.7,44.3,35.0,9.0,37.8,32.5,29.7,16.7,47.2,36.1,41.2,74.7,56.3,66.0,87.7,78.9,11.9
Greg Allen,B,4.6,19.9,21.3,48.3,30.4,6.4,40.2,34.7,25.2,13.9,50.7,35.4,31.0,65.7,46.8,65.1,87.5,79.4,9.6
Tyler O'Neill,R,5.0,37.1,23.4,33.5,43.0,20.6,45.6,32.9,21.5,14.6,39.9,45.6,37.1,74.0,52.4,42.7,70.1,58.8,21.6
Derek Fisher,L,9.7,35.1,22.0,52.5,25.5,27.5,42.4,40.4,17.2,14.8,46.3,38.9,23.1,60.3,39.5,49.2,77.6,68.3,12.5
Jeimer Candelario,B,10.3,25.4,18.6,41.1,40.2,10.7,44.5,31.6,24.0,20.5,44.5,35.0,29.7,62.7,43.5,61.3,85.6,76.0,10.4
Tony Kemp,L,9.0,15.7,19.2,43.0,37.8,8.6,47.6,29.9,22.5,15.3,52.4,32.3,28.9,64.1,44.6,73.9,89.5,83.9,7.2
Francisco Cervelli,R,11.0,21.5,19.9,44.5,35.6,9.4,40.4,33.0,26.6,13.8,52.0,34.1,22.0,63.2,40.7,56.1,86.0,77.2,9.3
Joey Rickard,R,6.2,23.4,23.0,36.7,40.3,8.4,46.4,32.1,21.5,23.7,49.0,27.3,31.7,64.0,46.4,69.3,84.9,79.1,9.7
Jose Martinez,R,9.2,19.0,25.6,46.2,28.2,16.4,32.3,36.3,31.4,14.8,46.4,38.8,28.9,62.0,43.0,68.3,87.8,80.2,8.5
Gerardo Parra,L,6.1,17.1,23.8,46.8,29.4,9.5,35.1,35.1,29.9,14.5,51.9,33.7,34.5,71.3,50.7,68.0,89.4,81.3,9.5
Joey Wendle,L,6.4,17.8,22.0,46.0,32.0,5.3,35.2,35.4,29.4,16.5,48.1,35.4,36.7,62.6,47.1,69.7,91.2,81.2,8.9
Jake Lamb,L,13.2,25.0,20.0,42.9,37.1,17.5,41.3,34.8,23.9,14.2,46.7,39.1,24.7,62.0,40.8,56.6,86.3,76.1,9.8
Daniel Murphy,L,7.4,13.4,25.9,35.5,38.6,11.3,37.7,33.8,28.5,15.7,52.8,31.5,32.5,68.2,48.1,77.6,93.6,87.5,6.0
Starlin Castro,R,5.4,18.5,20.1,50.7,29.2,11.1,42.6,35.8,21.6,17.3,46.2,36.5,32.7,68.5,48.0,66.1,88.7,79.9,9.7
Wil Myers,R,10.2,29.8,22.7,39.9,37.3,18.1,46.4,33.5,20.2,17.2,38.7,44.1,30.0,64.7,44.6,62.2,82.0,74.3,11.5
Orlando Arcia,R,6.7,20.2,18.9,53.0,28.0,11.6,35.4,40.4,24.3,23.4,46.8,29.9,36.3,69.8,50.8,62.0,85.2,75.8,12.3
Hernan Perez,R,4.8,20.4,18.7,47.0,34.3,11.3,37.8,37.9,24.3,19.8,47.1,33.2,40.5,64.5,51.0,71.2,85.6,79.2,10.6
Andrew Knapp,B,13.0,31.1,22.3,47.1,30.6,9.0,42.4,35.4,22.2,14.5,50.2,35.4,26.6,71.2,46.2,51.1,79.2,70.1,13.8
Justin Upton,R,11.4,28.8,20.1,39.2,40.7,21.1,42.9,33.5,23.6,18.7,39.3,42.0,26.1,66.0,43.4,55.7,79.1,71.1,12.5
Sam Travis,R,7.1,24.2,15.2,52.4,32.3,13.2,30.5,42.1,27.4,16.5,50.0,33.5,29.8,66.1,45.8,65.9,83.0,76.8,10.6
Jesus Aguilar,R,10.1,25.6,22.1,38.7,39.2,20.1,41.1,37.0,22.0,16.1,40.7,43.3,33.4,62.6,45.4,60.9,81.3,72.5,12.5
Ryan Zimmerman,R,8.3,20.2,18.7,47.2,34.1,20.9,35.8,36.4,27.8,15.9,44.1,40.1,29.9,59.8,42.5,63.7,87.1,77.5,9.6
Brandon Dixon,R,4.8,33.1,22.7,38.1,39.2,16.7,38.4,36.0,25.7,16.1,41.8,42.1,37.5,73.9,52.9,47.8,79.8,66.8,17.5
Ryan Cordell,R,5.1,30.9,16.6,37.1,46.4,10.0,42.1,33.3,24.5,23.3,46.5,30.2,33.9,69.3,49.4,52.6,81.3,70.2,14.7
Jace Peterson,L,11.4,22.6,17.2,50.4,32.4,6.0,40.7,31.2,28.1,15.0,54.9,30.1,22.5,63.6,40.6,53.7,84.5,75.0,10.2
Billy McKinney,L,6.7,24.9,22.6,38.5,38.9,16.1,47.5,28.1,24.4,18.2,46.3,35.5,30.4,69.1,47.0,58.1,88.3,77.2,10.7
Sandy Leon,B,6.8,25.1,20.4,38.4,41.1,8.5,40.0,34.1,25.9,23.7,49.2,27.1,33.6,63.0,46.0,69.1,87.7,79.8,9.3
Brandon Belt,L,13.2,22.1,25.1,27.4,47.5,10.9,40.3,33.4,26.3,14.7,44.5,40.9,25.4,75.6,46.5,63.5,84.2,77.6,10.4
Nicky Lopez,L,4.4,13.3,16.7,62.5,20.8,3.6,30.0,35.7,34.3,17.3,56.3,26.4,32.1,70.5,50.2,78.8,90.5,86.6,6.7
Cole Tucker,B,6.5,27.6,21.8,48.7,29.5,8.7,37.5,37.5,25.0,15.0,48.8,36.3,30.9,74.0,48.5,60.0,83.1,74.4,12.4
Gregory Polanco,L,9.0,20.3,19.4,37.4,43.1,12.0,45.2,32.7,22.1,21.1,47.7,31.3,31.3,71.0,47.5,64.3,87.5,78.5,10.2
Josh Naylor,L,8.4,22.6,11.5,57.3,31.3,17.1,44.3,34.4,21.4,19.9,42.0,38.2,33.0,59.0,43.0,71.3,88.1,80.2,8.5
JaCoby Jones,R,6.3,31.6,22.9,43.0,34.1,13.0,44.0,34.7,21.4,16.1,45.9,38.0,35.4,67.1,49.0,54.8,83.4,71.6,13.9
Ryon Healy,R,4.8,22.4,18.9,42.7,38.4,15.4,42.8,34.8,22.4,16.9,49.0,34.1,35.2,63.9,47.4,57.6,88.7,75.5,11.6
Matt Thaiss,L,9.7,31.0,19.4,41.8,38.8,23.1,53.7,25.4,20.9,17.9,37.3,44.8,21.7,73.4,44.4,54.2,73.3,68.1,14.2
Charlie Tilson,L,7.2,20.9,18.3,59.7,22.0,2.4,32.8,36.4,30.8,31.3,44.6,24.1,36.1,65.1,49.0,67.2,90.9,81.2,9.2
Kevan Smith,R,5.1,14.2,20.1,58.0,21.9,8.4,34.4,34.8,30.9,19.5,54.3,26.2,34.3,70.7,50.8,69.8,89.3,82.1,9.1
Bryan Holaday,R,6.8,15.2,22.6,43.4,34.1,5.2,40.8,32.0,27.2,20.6,52.6,26.8,33.2,66.1,47.5,65.6,90.6,80.7,9.2
Harold Castro,L,2.5,24.9,26.3,52.5,21.2,9.5,30.5,45.3,24.1,8.9,50.7,40.4,42.7,70.8,54.2,66.1,86.4,77.0,12.4
Justin Bour,L,12.5,24.3,20.1,44.4,35.6,21.8,44.1,35.5,20.4,20.7,40.9,38.4,31.1,60.2,43.0,63.1,82.6,74.3,11.1
Luis Urias,R,10.6,21.7,17.5,53.2,29.4,10.8,36.7,33.6,29.7,18.8,46.9,34.4,27.0,57.2,40.8,66.7,84.7,78.2,8.9
Tony Wolters,L,10.5,17.0,22.9,50.0,27.1,2.6,36.0,36.4,27.7,16.0,59.0,24.9,27.7,63.6,44.2,67.1,90.3,82.5,7.7
Yairo Munoz,R,7.0,20.9,20.8,55.6,23.6,12.0,38.2,34.8,26.9,17.6,48.2,34.3,41.6,74.9,55.4,58.1,87.8,74.8,14.0
Brandon Drury,R,5.7,23.3,22.9,44.4,32.7,12.9,42.8,33.0,24.3,19.1,46.4,34.5,32.9,62.9,46.2,60.4,86.2,75.9,11.1
Ian Kinsler,R,8.0,14.3,20.2,35.9,43.9,9.4,42.8,33.9,23.4,20.1,46.6,33.3,27.6,67.5,45.4,74.9,92.0,86.2,6.3
Max Stassi,R,9.5,29.9,17.7,49.0,33.3,13.3,47.4,34.1,18.5,19.7,41.4,39.0,25.8,65.7,43.9,48.3,78.8,69.0,13.6
Maikel Franco,R,7.0,14.1,17.1,46.4,36.5,14.5,45.5,32.0,22.5,23.6,45.9,30.5,34.0,74.5,51.2,68.3,87.0,79.9,10.3
Ty France,R,3.8,23.3,17.2,48.4,34.4,6.3,41.9,38.7,19.4,18.3,39.8,41.9,28.3,70.2,46.8,58.8,89.2,79.0,9.9
Willians Astudillo,R,1.7,3.3,22.0,40.8,37.2,7.2,40.8,40.4,18.8,18.8,48.9,32.3,44.5,81.7,60.1,85.1,96.7,91.7,5.0
Matt Wieters,B,8.7,20.4,21.1,39.1,39.8,11.1,40.4,35.2,24.4,17.5,49.4,33.2,29.3,70.8,46.9,71.7,86.1,80.9,9.0
Ildemaro Vargas,B,4.6,12.9,24.2,51.7,24.2,14.0,43.0,31.8,25.1,17.3,50.3,32.4,30.1,62.0,44.0,78.8,93.3,87.7,5.4
Rowdy Tellez,L,5.6,28.1,24.6,38.3,37.1,20.0,39.8,38.3,21.9,17.2,42.6,40.2,40.7,65.1,49.9,59.8,82.1,70.8,14.6
Odubel Herrera,L,6.2,21.6,20.2,43.9,35.8,11.3,36.1,35.1,28.8,25.7,46.9,27.4,39.4,70.1,52.3,60.9,85.1,74.5,13.3
Luke Maile,R,7.2,26.9,17.8,46.5,35.7,6.3,39.1,34.4,26.5,20.8,49.8,29.3,28.9,64.7,44.8,59.2,85.4,76.0,10.8
Joe Panik,L,7.8,9.1,22.4,45.0,32.6,4.5,36.7,36.2,27.1,18.9,50.4,30.7,23.6,65.8,42.7,79.4,95.0,90.3,4.2
Chance Sisco,L,8.4,33.8,17.6,43.0,39.4,13.2,44.3,32.0,23.7,12.4,49.0,38.7,24.7,71.6,45.4,49.0,76.8,68.4,14.4
Albert Almora Jr.,R,5.0,16.9,19.9,50.9,29.2,9.8,37.6,34.3,28.1,22.6,48.2,29.2,40.7,69.0,52.7,62.7,88.6,77.1,12.1
Daniel Robertson,R,11.9,25.3,17.8,50.6,31.6,10.6,37.0,37.0,26.0,20.4,46.4,33.3,25.9,61.9,41.3,60.9,86.7,77.4,9.3
Jonathan Lucroy,R,7.9,13.1,21.5,47.2,31.3,5.7,33.6,38.7,27.7,18.7,51.4,29.9,27.9,57.2,41.8,79.2,93.6,88.6,4.8
Tomas Nido,R,4.1,26.6,21.1,51.3,27.6,9.5,32.5,40.3,27.3,18.2,48.7,33.1,44.6,84.9,61.9,53.1,75.0,66.0,21.0
Rougned Odor,L,7.0,26.4,17.6,39.9,42.4,15.6,48.5,32.8,18.7,17.4,41.6,41.0,36.0,68.9,49.6,61.9,85.3,75.4,12.2
Jake Bauers,L,11.5,26.7,22.0,41.5,36.5,13.0,44.9,30.6,24.5,16.4,47.7,36.0,25.2,65.3,41.6,61.7,83.4,75.6,10.1
Albert Pujols,R,6.3,13.6,18.6,43.7,37.7,13.0,48.8,33.8,17.4,17.6,43.8,38.5,34.2,63.3,46.7,70.7,91.3,82.7,8.1
Raimel Tapia,L,5.1,21.3,24.2,48.0,27.7,9.2,36.5,37.6,25.9,18.7,53.4,27.9,43.2,78.1,57.8,69.5,81.5,76.3,13.7
Jose Peraza,R,4.0,12.8,23.0,40.1,36.8,5.6,33.8,37.4,28.9,21.8,50.5,27.7,35.7,69.9,50.9,73.4,94.5,86.3,7.0
Matt Duffy,R,8.7,16.5,25.5,53.8,20.8,3.9,29.6,36.5,33.9,14.6,53.8,31.6,29.3,66.6,45.4,70.0,92.5,84.3,7.1
Wilmer Difo,B,7.9,19.2,23.8,46.3,29.9,7.0,40.4,34.0,25.7,24.4,53.9,21.8,32.6,71.6,49.9,65.3,84.0,77.2,11.4
Scooter Gennett,L,5.8,22.0,22.7,40.9,36.4,15.9,41.5,33.6,25.0,16.1,47.2,36.7,37.0,71.4,51.8,72.8,86.0,80.6,10.1
Miguel Cabrera,R,10.0,20.3,25.5,43.6,30.9,11.3,33.0,36.4,30.6,11.0,45.6,43.4,33.6,70.8,49.5,64.8,86.3,77.9,11.0
Steven Duggar,L,6.0,28.2,21.9,47.5,30.6,7.1,33.1,35.9,31.0,18.7,49.7,31.7,28.9,67.0,46.0,59.4,84.2,75.6,11.2
Mac Williamson,R,9.3,29.8,16.5,55.7,27.8,20.4,41.2,35.6,23.2,27.3,42.3,30.4,33.9,69.8,49.7,56.9,76.5,69.0,15.4
Chris Iannetta,R,12.5,27.1,22.8,38.0,39.2,17.6,40.8,33.3,26.0,16.0,44.8,39.2,21.3,70.5,43.8,47.9,80.8,72.2,12.2
Rosell Herrera,B,7.1,20.0,21.1,53.8,25.1,4.0,38.6,35.0,26.4,18.8,46.9,34.3,26.1,70.1,44.6,54.1,87.6,76.2,10.6
Humberto Arteaga,R,5.4,19.6,21.5,51.9,26.6,0.0,29.3,30.5,40.2,11.0,58.5,30.5,44.6,74.0,56.0,68.9,89.6,79.5,11.5
Keon Broxton,R,8.8,39.1,19.4,47.2,33.3,23.6,36.7,35.7,27.6,17.6,48.0,34.4,26.9,69.3,45.5,46.6,67.2,60.3,18.0
Ronald Guzman,L,8.9,28.4,23.6,39.5,37.0,16.1,37.0,34.5,28.5,18.6,46.7,34.7,36.3,68.9,49.8,54.6,84.8,71.9,14.0
Daniel Descalso,L,13.4,25.0,20.5,36.6,43.0,9.5,44.7,32.5,22.8,16.2,45.4,38.5,21.7,65.0,41.0,55.2,84.3,75.7,9.9
Dawel Lugo,R,4.4,21.1,21.9,57.7,20.4,7.3,31.3,38.3,30.4,20.4,50.3,29.4,44.7,64.7,52.7,73.8,89.7,81.6,9.6
Leonys Martin,L,7.8,24.9,16.3,39.6,44.1,11.1,43.1,31.5,25.5,19.4,47.5,33.1,32.3,75.1,51.1,56.8,82.1,73.2,13.7
Bubba Starling,R,4.5,32.1,23.2,46.3,30.5,8.0,48.2,34.1,17.7,21.2,47.1,31.8,32.1,68.6,47.9,46.6,86.1,71.1,13.8
Christin Stewart,L,10.3,22.8,24.6,33.8,41.5,8.3,40.0,34.2,25.8,16.2,49.2,34.6,34.0,69.5,48.0,63.4,84.6,75.5,11.8
Josh Harrison,R,4.9,17.3,22.9,36.9,40.2,8.0,45.0,31.8,23.2,18.8,49.3,31.9,37.8,74.1,54.2,72.1,82.4,78.5,11.7
Carlos Gonzalez,L,9.2,23.6,18.1,49.2,32.7,12.6,37.6,38.5,23.9,21.2,45.5,33.3,35.1,73.0,50.1,56.1,81.5,70.7,14.7
Lewis Brinson,R,4.8,29.8,16.7,51.8,31.6,10.4,44.5,35.3,20.3,18.8,42.3,39.0,38.9,71.2,52.7,53.8,77.5,67.5,17.2
JT Riddle,L,5.2,22.1,20.3,50.0,29.7,11.8,41.9,35.0,23.1,19.0,46.7,34.2,35.3,70.5,51.2,65.1,85.0,77.5,11.5
Jose Rondon,R,6.8,25.8,20.1,47.1,32.8,15.8,43.8,34.1,22.2,21.6,47.2,31.3,32.5,65.7,47.0,67.0,79.2,74.4,12.0
Dwight Smith Jr,L,7.0,20.4,17.1,47.6,35.2,12.6,34.7,37.2,28.1,18.6,54.3,27.1,28.9,66.7,45.0,53.0,86.7,74.2,11.6
Cheslor Cuthbert,R,5.9,21.3,17.8,44.3,38.0,8.6,40.5,34.8,24.8,19.0,47.8,33.3,32.8,71.9,49.7,61.3,85.8,76.6,11.6
Tyler White,R,11.0,24.5,21.4,38.3,40.2,12.0,39.4,37.5,23.1,17.2,47.7,35.1,27.5,62.5,42.0,69.6,86.5,80.0,8.4
Juan Lagares,R,6.3,22.4,20.2,50.5,29.3,4.4,35.7,36.9,27.4,20.7,53.1,26.2,34.4,64.1,47.5,64.5,87.0,77.8,10.5
Ian Desmond,R,7.7,23.8,18.4,58.2,23.5,19.5,33.3,38.1,28.6,21.0,45.5,33.5,29.9,69.3,47.1,57.7,83.5,74.3,12.1
Melky Cabrera,B,5.5,11.5,23.8,47.8,28.4,9.6,38.4,36.6,25.1,18.5,50.0,31.5,34.1,66.5,47.8,77.1,94.3,87.2,6.1
Stevie Wilkerson,B,4.6,32.3,17.8,45.8,36.4,12.8,44.4,32.9,22.7,18.5,51.4,30.1,36.1,62.9,46.6,64.4,82.5,74.0,12.1
Grayson Greiner,R,10.5,31.2,18.2,49.7,32.1,9.4,35.2,38.2,26.7,18.8,45.5,35.8,31.0,62.4,43.8,54.8,83.0,71.2,12.5
Nick Williams,L,6.2,27.5,24.4,45.6,30.0,17.9,34.8,40.0,25.3,17.0,51.4,31.7,38.5,72.7,53.2,54.3,84.1,71.9,15.0
Mark Reynolds,R,11.6,29.9,20.8,40.7,38.6,21.3,45.5,33.3,21.3,18.8,45.8,35.4,26.2,69.2,44.9,44.2,77.6,66.7,15.0
Chris Owings,R,5.9,26.3,21.0,43.2,35.8,8.9,38.4,33.0,28.7,16.5,48.4,35.1,36.9,69.4,51.3,59.5,87.1,76.0,12.3
Kendrys Morales,B,9.3,19.8,18.1,48.4,33.5,17.0,40.3,33.7,26.0,14.0,46.8,39.3,32.1,66.2,45.6,61.4,85.1,75.1,11.4
Isiah Kiner-Falefa,R,7.3,18.3,23.4,51.9,24.7,5.1,37.9,33.3,28.9,16.9,53.3,29.8,29.9,57.1,41.9,68.7,94.2,84.0,6.7
Johan Camargo,B,7.6,19.6,20.1,45.7,34.2,11.2,39.8,33.9,26.3,19.8,47.4,32.8,36.7,71.2,50.8,66.2,84.0,76.4,12.0
Jon Jay,L,6.5,17.1,26.1,53.9,20.0,2.9,31.0,35.1,33.9,13.5,56.8,29.7,36.2,66.8,49.9,69.8,91.0,82.5,8.7
Lucas Duda,L,10.1,27.5,22.6,30.0,47.5,17.0,43.8,30.5,25.8,16.3,43.1,40.6,29.0,60.6,42.3,55.1,84.4,72.8,11.5
Khris Davis,R,9.7,27.9,18.4,38.3,43.3,23.8,36.3,39.9,23.8,12.0,43.6,44.4,28.1,78.3,49.3,48.6,78.2,68.4,15.6
Zack Cozart,R,9.9,15.7,20.3,37.2,42.6,10.8,49.9,32.2,17.9,19.6,47.9,32.5,25.3,60.9,41.8,68.8,92.1,84.6,6.4
John Hicks,R,6.0,28.6,19.8,44.1,36.2,13.7,43.7,32.9,23.4,20.7,42.3,37.0,43.1,79.7,58.4,55.7,77.0,67.9,18.8
Jung Ho Kang,R,5.8,31.9,22.0,40.7,37.3,22.7,59.3,26.3,14.4,12.7,46.6,40.7,34.3,66.8,48.0,51.7,78.0,67.1,15.8
Martin Prado,R,4.4,16.0,22.3,49.8,27.9,3.2,34.3,35.0,30.8,16.6,55.5,27.9,28.4,53.9,39.9,72.0,94.8,85.9,5.6
Eduardo Nunez,R,3.3,12.9,18.1,51.7,30.3,8.2,36.6,37.8,25.7,26.0,47.2,26.8,39.6,71.6,53.3,75.9,91.5,84.9,8.1
Travis Shaw,L,11.7,22.5,19.3,38.8,41.9,18.0,42.9,33.1,24.0,18.0,43.6,38.4,28.7,66.8,44.7,67.7,85.7,79.0,9.4
Welington Castillo,R,6.0,27.3,22.2,41.3,36.6,18.3,41.1,36.4,22.6,15.9,47.0,37.2,28.7,60.5,42.9,58.2,86.0,75.7,10.4
Curtis Granderson,L,12.9,25.2,23.5,32.2,44.3,14.7,49.3,30.7,20.1,15.1,46.6,38.3,23.4,58.8,38.8,61.6,87.3,78.6,8.3
Yonder Alonso,L,11.1,21.7,21.7,37.7,40.5,16.1,43.4,33.5,23.1,16.9,47.0,36.1,30.2,74.2,48.3,59.4,86.6,76.6,11.3
Garrett Hampson,R,8.6,30.1,22.1,42.2,35.7,5.5,32.3,34.8,32.9,20.7,51.8,27.4,22.2,61.4,39.8,55.2,85.3,76.1,9.5
Elias Diaz,R,7.0,16.7,19.9,47.5,32.6,6.4,33.2,37.0,29.8,23.2,44.6,32.2,29.4,72.9,48.3,61.6,89.6,80.0,9.7
Chris Davis,L,9.8,37.5,22.4,38.3,39.3,18.6,41.7,34.1,24.1,12.6,49.4,38.0,29.2,62.3,43.4,47.9,78.5,66.6,14.5
Ryan O'Hearn,L,11.3,26.6,17.0,43.4,39.6,18.4,41.0,33.7,25.4,14.6,46.5,38.9,27.7,66.3,43.3,58.9,83.6,74.2,11.2
Richie Martin,R,5.1,28.2,17.5,52.4,30.1,8.0,33.3,35.6,31.1,24.9,50.9,24.3,37.6,71.6,52.7,61.3,83.0,74.3,13.5
Jeff Mathis,R,7.5,31.5,23.0,39.3,37.7,3.4,40.1,36.6,23.4,18.8,47.0,34.3,33.1,68.0,48.8,51.8,79.3,69.0,15.1
