Nick Rumbelow,21,6,13
Cory Gearrin,16,13,18,16,14,20,15,11,11,18,6,14,22,19,23,11,12,6,23,19,7,16,17,4,16,17,29,18,7,12,9,17,7,18,18,18,12,5,20,1,16,14,15,7,6,22,12,15,8,18,27,30,21
Zac Rosscup,7,23,12,24,9,20,5,16,17,3,10,13,17,17,9,23,22,27,19,29,10,8,18,10,14,1,15,4
Hunter Strickland,15,7,12,9,10,17,12,9,13,4,13,10,24,21,18,16,13
Marco Gonzales,69,94,100,97,73,96,98,49,89,95,78,81,80,95,109,115,96,94,104,104,100,111,105,106,98,98,94,99,100
Lou Trivino,17,14,12,11,10,11,14,24,8,11,22,20,10,26,16,16,23,28,5,12,25,9,18,19,15,33,25,28,20,9,19,15,19,18,6,21,17,18,22,10,11,11,17,22,9,10,8,31,11,13,41,7,14,6,22,27,13
Ryan Dull,18,26,34,19,27,21,45,26
Mike Fiers,58,83,81,59,100,61,101,64,131,85,89,97,99,99,93,93,104,88,111,89,96,110,94,95,87,82,96,83
Liam Hendriks,25,12,10,13,32,10,11,17,41,41,21,33,28,23,17,13,10,21,30,33,22,33,33,12,20,13,12,17,12,18,16,13,20,10,24,20,21,15,30,12,17,3,11,20,11,15,17,16,25,10,16,10,13,24,13,13,18,18,13,31,21,8
Ryan Buchter,4,12,5,7,14,1,22,11,15,5,30,21,14,13,5,11,15,18,3,11,5,18,10,12,15,4,5,7,19,6,11,6,17,7,5,9,18,12,2,9,15,16,27,7,30,4,1,4,25,3,9,38,30,7,12,5
Fernando Rodney,19,11,28,17,31,16,24,17,9,9,15,16,17,15,16,10,19,11,15,5,17,18,20,15,32,10,20,16,27,16,11,13,12,16,15,13,17,12,18,9,17,16,19
J.B. Wendelken,29,24,13,25,31,41,20,9,22,12,27,10,10,22,6,27,24,14,29,7,24
Dan Altavilla,14,31,22,12,18,10,24,19
Matt Festa,26,12,29,13,29,14,28,23,26,20,20,13,12,9,29,13,13,37,14,27
Roenis Elias,39,11,9,4,15,14,41,22,15,26,12,9,38,25,27,7,40,30,19,17,30,22,15,18,15,20,10,12,21,13,11,32,17,21,16,17,13,6,31,2,5,11,11,14,7,8,18
Yusei Kikuchi,91,86,93,80,92,97,9,93,106,93,93,74,73,79,92,97,94,94,95,87,74,85,77,94,81,96,95,79
Brandon Brennan,11,24,18,12,10,29,18,11,18,16,20,15,18,14,16,9,22,5,36,27,19,17,21,24,28,28,18,15,12,22,17,12,2,16,10
Joakim Soria,17,16,5,11,16,13,18,23,19,18,13,16,14,15,19,14,20,17,29,41,11,17,10,10,28,16,20,19,13,17,6,15,16,19,21,18,6,22,14,17,14,24,10,24,15,15,14,9,12,13,12,20,5,6,16,6,19,43,14,16,16,11,17,11
Marco Estrada,75,77,91,96,69
Blake Treinen,22,7,26,15,17,28,10,20,23,18,22,39,19,12,23,10,18,13,27,16,14,25,36,13,25,22,17,15,11,19,22,6,25,17,15,24,11,22,23,11,18,22,17,11,19,12,22,10,5,18,10,16,17,21
Yusmeiro Petit,17,4,11,21,21,10,8,9,12,25,30,18,17,13,5,17,20,10,22,16,25,10,19,29,13,14,23,27,10,15,20,12,15,9,8,15,18,34,10,2,17,21,8,18,20,6,5,17,8,6,22,4,6,13,6,13,11,8,8,8,14,8,9,17,11,17,9,16,18,23
Jeurys Familia,17,22,17,20,29,16,17,14,23,17,18,21,11,29,12,10,17,6,16,11,9,13,17,18,11,9,18,23,13,14,22,13,16,5,14,9,11,8,11,20,10,14,17,13,5,24,30,10,13,29,12,16,8,18,24
Jacob deGrom,93,114,97,114,89,101,103,106,104,103,105,89,112,116,116,113,97,107,102,94,108,105,116,94,101,107,107,100,100
Edwin Diaz,14,1,29,5,10,20,16,11,22,15,13,9,11,20,11,30,20,10,14,14,17,13,32,16,30,15,24,15,36,36,15,12,12,34,15,25,16,15,17,33,19,11,19,8,15,25,18,19,28,22,8,18,11,13,15,13,10,5,10
Seth Lugo,15,41,37,12,16,26,34,28,44,9,32,18,21,4,28,26,13,20,22,16,29,13,21,13,20,20,27,17,42,21,30,16,12,19,10,5,13,19,31,12,8,23,8,10,23,32,26,12,18,35,11,34,10,26
Kyle Barraclough,16,14,18,25,16,11,4,14,4,2,23,9,25,23,19,18,14,14,24,33,14,21,17,6,14,18,21,26,24,22,11,29,8,20
Max Scherzer,109,96,100,98,108,101,110,112,115,112,109,103,120,101,104,117,94,115,103,86,71,89,90
Justin Miller,6,18,25,16,16,18,19,7,11,25,31,18,11,17,13,7,17
Matt Grace,4,9,18,14,4,18,24,3,12,1,5,20,10,24,17,12,7,42,17,25,14,34,2,5,10,14,4,13,4,15,2,6,20,11,14,19,18,4,4,18,4,4,24,16,26,34,6,8,27,25,13
David Hess,42,82,88,81,51,76,96,92,89,106,83,84,90,96,19,34,66,8,20,17
Andrew Cashner,75,89,90,81,98,100,99,104,92,92,91,109,87,97,99,98,88,92,105,98,110,83,51,17,14,9,20,34,48,9
Paul Fry,28,5,25,29,21,15,14,14,7,29,45,4,18,12,12,10,26,29,3,16,17,5,23,8,36,22,12,33,7,3,20,21,17,15,22,11,7,32,12,9,22,13,17,8,21,11,12,19,26,15,26,16,6,5,4,18
Mike Wright,19,16,15,21,47,32,5,23,37,49,58,16,10,36,27,28,56,32,50
Adam Ottavino,19,4,20,13,27,30,27,20,15,23,23,20,13,14,15,16,15,23,15,10,13,16,19,10,10,17,5,26,15,32,11,22,19,28,3,17,17,11,16,15,14,11,11,5,17,15,11,23,5,13,17,22,13,22,31,8,10,13,9,8,8,11,22,16
Aroldis Chapman,18,7,23,16,18,9,12,18,27,17,19,4,19,7,19,16,11,9,13,23,21,21,11,13,12,7,22,22,12,7,24,25,25,8,12,29,17,8,27,18,29,14,24,28,9,19,16,27,9,21,14,10,20,10,23
Zack Britton,15,18,11,24,16,23,9,10,10,10,7,29,16,22,14,17,12,19,12,19,10,16,9,16,14,13,14,23,13,13,11,23,25,14,14,13,14,5,10,4,16,8,12,19,17,28,12,8,27,14,25,11,13,10,17,10,5,11
Masahiro Tanaka,83,87,78,81,94,89,74,95,73,88,95,100,85,101,111,88,37,101,79,85,87,82,92,94,83,109,106,103
Miles Mikolas,82,96,100,61,100,74,99,98,95,45,104,104,74,78,99,90,87,72,100,91,81,93,96,94,89,92,95,89
John Gant,12,22,12,18,28,18,13,23,22,8,9,23,33,20,4,27,13,13,6,18,21,37,8,33,21,20,10,12,11,27,36,5,10,12,31,16,23,13,13,20,17,18,12,8,18,14,27,24,8,9,21,13,32,35,16
John Brebbia,11,27,26,23,24,12,4,36,3,12,11,31,10,34,21,17,22,13,30,10,34,21,22,16,14,16,10,30,11,22,19,8,21,35,17,16,32,23,8,19,23,9,18,22,9,30,13,22,21,14,17,37,12,41,9,8,2
Dominic Leone,22,31,13,11,20,11,17,19,17,5,12,34,12,21,11,31,19,27,19,20,21,23,12,12,27,21,2,2,5,14,24,13,9,15
Josh Hader,21,9,16,16,36,38,13,34,14,20,10,36,13,18,19,12,12,24,26,27,7,34,23,13,25,17,19,18,29,16,16,23,26,23,12,12,30,17,8,10,16,28,44,6,27,14,30,12,13,18
Junior Guerra,28,13,28,24,16,12,29,23,14,29,15,40,13,27,18,11,29,21,3,12,30,18,18,8,37,35,15,32,25,16,14,41,16,13,23,22,12,17,27,20,19,17,16,17,14,15,22,25,17,6,41,18,27,13,26,22,4,19,13,14,17,9,22
Jhoulys Chacin,96,94,89,63,94,72,91,98,94,91,107,76,102,91,78,104,84,63,69
Wes Parsons,6,24,13,10,17,8,9,11,16,18,10,45,43,8,11,6,22,32,27,39,49
Luke Jackson,18,26,13,5,17,19,21,12,18,12,11,17,7,17,22,21,15,30,21,6,21,26,36,15,22,17,26,27,0,16,18,18,13,18,19,15,12,20,13,15,25,21,28,12,18,15,27,6,15,20,14,16,18,12,17,24,12,13,25,15,27,18,33
Shane Carle,25,20,31,14,61,36
Julio Teheran,88,91,78,92,106,93,100,103,84,104,94,98,94,98,98,83,93,84,103,89,83,109,104,86,100,64,92,97,102
Max Fried,11,25,88,90,98,101,87,85,35,95,79,94,88,83,85,98,101,90,81,96,78,89,76,94,100,96,95,90
Hector Neris,19,13,10,9,17,30,14,14,13,18,29,23,23,1,13,21,20,7,21,11,28,17,15,12,20,25,22,17,24,7,18,25,13,21,15,16,20,22,14,17,14,20,16,16,13,14,18,14,14,24,12,15,8,13,11,18,24,11
Pat Neshek,14,6,14,11,14,15,8,25,14,15,13,15,23,11,19,9,14,11,19,11
Aaron Nola,99,63,99,83,97,103,102,101,84,106,93,102,93,104,93,107,102,117,99,110,99,105,102,94,93,105,104,97,104
David Robertson,24,28,19,15,9,12,29
Victor Alcantara,11,8,17,8,13,13,18,11,24,7,2,13,24,23,8,15,19,25,10,24,12,17,5,26,17,12,20,16,16,31,14,8,10,10,13,10,17,14,18,10,14,23
Jordan Zimmermann,70,94,73,54,97,77,75,84,89,78,64,96,95,61,96,63,81,95,90
Shane Greene,13,16,10,10,13,11,13,11,16,16,19,12,16,22,24,26,12,15,21,12,25,7,16,17,14,7,13,13,17,16,14,9,19,10,13,28,13,18,18,13,11,9,13,10,13,16,8,21,11,14,22,13,8,11,7
Joe Jimenez,14,17,11,18,17,23,29,17,10,18,15,17,9,13,17,14,25,24,12,12,23,7,20,14,31,16,25,17,12,7,14,31,17,11,18,10,18,14,13,17,10,9,10,10,18,14,21,23,14,4,9,29,18,12,22,22,15
Daniel Hudson,17,21,16,19,18,16,13,10,10,25,20,14,13,32,25,31,11,13,12,10,21,11,23,28,27,21,20,17,27,28,30,16,20,20,15,22,25,35,18,9,10,15,10,29,14,5,9,14,17,16,8,5,18,16,7,10,19,29,16,16,24
Ken Giles,12,18,9,9,9,22,26,20,20,16,14,17,14,10,17,13,9,12,11,27,16,18,14,29,17,14,24,17,11,10,20,22,17,20,10,15,17,14,12,16,10,13,12,14
Joe Biagini,14,23,18,22,9,25,20,14,8,13,11,11,18,15,22,16,20,17,10,14,24,12,33,3,27,24,21,15,17,15,15,8,11,14,3,21,20,27,24,17,19,10,16,14,21,23,19,24,22,14,22,25,30,46,25,17,32,10
Marcus Stroman,94,101,99,91,109,97,91,71,97,107,105,89,93,101,105,102,104,66,97,101,100,92,108,96,62,96,98
Roberto Osuna,9,14,23,12,6,18,1,15,17,10,16,24,8,9,15,17,10,15,16,10,12,17,21,19,12,10,22,25,4,19,11,26,17,12,11,16,22,24,27,15,16,13,18,7,6,14,18,15,18,10,16,12,7,11,20,19
Ryan Pressly,13,13,11,11,21,14,11,15,17,23,10,15,18,15,13,14,13,11,10,24,12,15,19,16,30,13,25,7,4,10,19,10,24,12,20,5,13,25,15,9,17,20,18,8,16,21,11,26,17,13,18
Justin Verlander,102,94,111,105,107,98,100,100,101,101,101,103,114,94,100,110,107,100,102,95,116,101,105,98,109,101,99,87,120
Jalen Beeks,54,9,21,36,48,33,66,75,84,50,47,83,91,46,58,50,69,50,48,44,78,73,59,85,92,93,104,38,34
Blake Snell,91,102,100,82,65,75,83,96,93,104,87,95,105,79,39,80,80,93,93,109
Pedro Strop,10,7,8,19,15,12,9,13,13,26,15,18,17,21,1,13,15,13,19,10,15,19,11,13,17,20,10,20,8,25,10,7,18,15,9,12,20,29,17,3
Jon Lester,98,106,45,79,97,109,116,98,84,102,108,100,95,114,94,117,107,98,105,94,95,94,91,103,95,97,110
Randy Rosario,9,15,2,29,36,6,26,5,7,3,3,23,6
Brad Brach,11,28,16,35,35,25,14,10,11,32,20,17,11,16,15,3,22,25,1,4,20,36,37,11,15,23,18,18,9,15,12,12,41,37,33,12,24,13,3,17,4,18,3,10,12,9,14,20,10,20,19
Mike Montgomery,4,18,2,52,71,11,45,35,16,4,9,4,9,10,40,6,18,40,61,39,45,64,78,90,100,80,91,95,94
Jesse Chavez,24,10,35,15,8,10,26,20,3,28,46,19,37,15,24,12,10,29,23,33,27,16,20,15,34,18,13,18,11,10,28,17,47,59,79,87,90,87,35,20,15,31,17,25,9,10,23,19
Shawn Kelley,3,17,16,16,11,11,21,16,21,6,11,10,18,8,18,17,14,14,13,6,15,22,20,16,11,23,15,25,21,22,38,11,0,10,31,16,19,18,14,14,10,15,7
Kyle Bird,4,26,39,9,37,37,39,51,10,6,14,5
Mike Minor,76,95,99,103,99,111,116,102,90,107,100,113,117,109,98,110,108,110,92,113,102,103,112,103,114,102,105,111
Jeanmar Gomez,15,22,15,8,8,27,22,26,55,17,1,11,6,7,12,18
Kyle Dowdy,36,33,39,57,66,28,46,20,15,25,39,20,14
Jeffrey Springs,19,28,56,34,9,23,14,38,30,17,50,15,32,41,19,10,39,11,22,32,29
Trevor Cahill,86,83,90,71,95,93,68,78,84,90,85,73,28,39,33,38,16,35,24,30,18,48,35,58,63,27,20,10,43,34
Luke Bard,10,35,19,24,27,36,22,19,13,24,26,14,31,26,23,35,40,27,21,46,41,5,28,14
Cam Bedrosian,7,25,32,10,22,18,34,25,33,16,20,7,18,23,15,7,12,29,22,21,11,25,10,7,17,12,16,21,20,9,16,15,17,18,11,12,16,19,16,12,18,32,14,15,13,6,9,23,8,17,16,37,11,14,27,11,15,25,14
Nick Burdi,14,14,17,6,14,14,14,20,9,22,17
Richard Rodriguez,18,17,15,13,15,21,13,22,19,9,3,16,26,24,20,17,35,38,8,11,19,25,5,12,4,38,14,17,26,14,9,11,10,20,21,20,19,12,25,13,16,14,14,10,11,29,17,11,5,12,6,16,10,20,18,16,14,23,17,13,13
Jameson Taillon,83,85,58,80,79,76,94
Jared Hughes,16,21,13,8,2,37,11,29,15,7,1,22,8,1,5,16,22,35,30,8,13,12,12,20,28,24,16,7,16,29,15,12,8,11,13,1,29,23,16,10,14,28,13,1,17,45,39,17,21,15,30,4,17,10,2,15,17
Amir Garrett,4,25,14,4,10,15,27,1,14,9,1,1,28,15,7,6,14,16,19,14,24,1,14,15,22,26,31,17,15,13,15,12,25,17,12,17,20,20,27,14,12,16,10,15,23,14,12,14,16,16,7,17,9,10,15,23,9,4,9,29
David Hernandez,16,21,16,6,26,37,11,15,18,10,10,13,22,6,11,10,25,17,25,18,14,12,7,12,16,5,19,22,16,11,26,19,11,21,11,14,10,30,9,16,21,11,23,6,17,26,49
Luis Castillo,91,107,95,98,100,101,99,92,103,76,75,101,111,109,102,96,101,97,105,88,97,101,119,100,93,100,109,107
Raisel Iglesias,34,14,34,14,18,8,15,13,13,10,31,28,17,21,13,13,29,12,23,12,24,12,12,17,11,16,15,18,21,9,5,30,41,6,14,16,16,20,23,22,28,14,15,10,19,14,6,14,15,20,10,19,12,22,17,3,11,17
Zach Duke,6,9,14,2,6,21,7,12,24,5,17,8,11,11,6,15,2,23,16,9,20,15,23,2,15,38,22,15,30,4
Kyle Freeland,93,99,91,76,86,84,89,98,104,65,67,61,74,90,109,78,84,86,88,84
Scott Oberg,10,36,29,18,25,29,11,13,21,6,12,24,25,13,8,25,18,29,12,24,16,20,10,5,8,13,18,21,30,14,31,12,16,12,15,10,36,16,26,21,21,18,10,19,11,7,35,27,12
Seunghwan Oh,18,25,14,32,18,9,8,10,28,8,13,25,13,17,31,19,8,19,13,22,23
Nick Anderson,2,20,20,27,15,23,12,14,15,14,20,14,7,35,21,17,11,18,12,32,22,23,10,13,22,14,13,10,20,20,5,16,18,10,11,21,27,12,12,21,38,15,15,24,5,14,7,14,15,21,15,11,15,15,10,17,10,18
Austin Brice,28,8,35,19,46,22,47,26,49,21,20,22,4,38,22,9,9,29,13,18,16,12,10,9,6,42,13,23,12,27,14,28,16,29,14,23
Tayron Guerrero,10,15,12,19,16,21,21,21,11,22,12,10,35,25,28,17,8,8,15,14,9,10,13,10,13,22,16,13,14,22,16,18,13,33,22,21,5,32,21,21,13,27,22,39,23
Jose Urena,94,78,91,102,80,112,99,105,84,103,80,95,66,11,15
Tyler Kinley,15,16,14,19,16,18,11,30,33,21,16,10,31,10,19,16,13,14,15,24,13,7,27,18,27,15,13,13,17,1,22,35,15,27,20,22,20,31,10,16
Oliver Perez,6,4,17,15,14,3,9,10,11,13,4,6,8,4,11,7,13,10,16,3,10,13,16,30,16,13,6,23,5,9,13,12,11,6,5,6,8,11,9,17,4,14,17,20,5,9,3,6,4,6,2,8,12,19,11,7
Adam Cimber,4,6,9,13,8,1,6,20,13,21,10,21,15,4,10,12,10,19,28,8,9,24,12,10,21,19,12,20,13,21,6,4,4,6,10,6,30,11,19,5,5,9,14,10,11,30,16,16,5,14,3,11,9,12,4,11,16,14,3
Brad Hand,3,20,20,29,11,7,22,10,11,15,15,15,20,12,15,19,11,6,8,17,13,15,28,8,11,8,12,12,11,26,13,9,14,19,10,13,28,9,19,15,15,24,21,17,34,1,16,13,31,25,20,25,18,15,13,12,7
Corey Kluber,79,83,96,89,109,98,57
Jose Berrios,96,86,98,98,104,101,88,92,101,105,98,99,107,107,109,90,105,92,92,113,106,81,97,96,92,93,101
Taylor Rogers,15,11,29,23,20,15,24,15,27,18,17,21,11,14,31,11,27,1,3,25,12,27,11,34,10,21,15,21,23,8,15,19,34,25,8,26,15,12,22,12,11,21,19,31,20,17,27,23,12,11,21
Madison Bumgarner,92,95,93,98,100,104,114,102,107,105,102,81,95,86,101,88,97,96,39,103,94,102,86,91,85,100,104,97,103
Nick Vincent,10,24,27,17,26,32,14,19,26,21,49,47,35,30,31,47,57,32,10,19
Aaron Loup,2,24,14,13
Craig Stammen,16,9,20,12,28,16,4,6,8,23,26,28,15,15,16,22,13,17,17,8,9,6,9,15,13,11,22,22,25,12,23,21,15,13,27,26,20,10,26,15,21,19,12,22,7,10,15,11,30,12,4,17,17,24,13,20,16,16,10,15,29,10,16,28,29,6
Eric Lauer,70,75,90,77,94,90,80,71,105,100,83,82,101,68,80,98,95,85,55,14,87,80,90,86,110,108
Trey Wingenter,4,15,23,14,21,8,26,15,21,17,6,14,14,20,18,21,12,11,15,14,23,14,32,28,24,19,16,11,24,25,15,17,16,9,15,28,16,25,12,10,13,8,27,18,22,16,28
Kirby Yates,16,28,14,21,7,15,18,18,16,21,14,8,14,10,28,13,21,27,23,12,16,15,15,10,14,8,14,9,14,9,13,15,19,16,8,25,14,14,33,26,20,18,20,23,16,7,16,18,27,22,25,19,15,28,15
Matt Koch,62,27,62,9,9,73,17,30,75
Zack Greinke,82,102,102,98,100,105,102,93,98,95,98,98,80,98,75,87,95,90,104,90,101,102,82,99,102,91,96,93,93
Hyun-Jin Ryu,82,87,34,92,105,107,93,116,88,93,106,104,99,94,107,81,89,94,102,103,80,91,101,90,93
Yimi Garcia,12,30,16,9,18,19,22,24,9,16,12,19,10,7,27,17,25,5,26,18,18,8,13,15,18,10,23,5,14,12,23,17,9,27,5,14,12,16,12,17,9,9,21,17,20,17,17,30,11,15,17,28,9,19,18,24
Brock Stewart,31,30,25,64,76,75
Ryan Burr,26,1,11,17,38,28,26,36,15,32,14,22,8,21,28,33
Nate Jones,12,4,22,22,26,21,9,8,8,20,16,17,21
Carlos Rodon,101,103,111,112,95,85,89
Dylan Covey,17,6,76,83,84,86,90,98,77,32,21,31,86,14,26,48
Jake Diekman,17,14,12,18,17,4,26,27,20,5,12,10,14,20,4,7,17,11,17,12,22,24,15,16,20,20,20,14,20,20,19,32,20,16,21,12,19,17,21,12,29,17,15,9,14,13,11,17,14,15,19,18,4,10,14,14,2,17,26,3,7,21,17,6,27,26
Ian Kennedy,7,15,21,12,34,9,16,24,33,4,30,19,32,19,13,10,18,15,10,31,19,11,18,18,15,1,31,28,8,9,15,15,21,28,13,12,23,6,27,10,21,19,6,22,11,23,14,24,26,29,11,21,13,13,11
Kevin McCarthy,8,24,5,10,10,23,20,19,17,9,9,24,18,24,19,23,13,31,11,14,22,29,10,16,14,16,28,17,7,12,16,9,16,16,14,19,11,16,15,21,16,9,6,11,25,17,24
Wily Peralta,9,20,16,20,16,14,16,14,29,20,12,15,29,18,19,20,12,27,17,14,13,14,15,13,19,5,11,14,25,14,7,11,22,2,9,23,7,23,16,16,20,17
Brad Boxberger,3,31,21,17,20,21,24,13,21,26,21,17,8,17,25,8,40,8,18,7,10,16,12,4,22,12,12,12,21
Brad Keller,92,101,109,118,91,106,92,101,102,108,105,110,100,98,97,95,40,101,111,104,106,88,101,98,108,107,79,43
Tyler Thornburg,25,25,11,18,29,12,20,25,20,21,24,19,36,21,36,40
Hector Velazquez,50,12,33,39,12,57,55,13,43,16,46,63,30,15,13,26,19,45,43,21,50,8,23,36,11,19,15
Chris Sale,76,87,76,93,97,111,104,108,108,106,89,108,102,99,103,101,102,104,92,101,116,100,76,99,108
Brian Johnson,19,16,41,39,70,13,83,70,50,52,67,61,53,11
Heath Hembree,17,25,22,30,13,13,11,21,11,10,15,16,15,3,10,10,4,14,18,15,15,25,26,5,9,22,15,4,17,6,19,17,26,10,27,11,14,19,17,17,12,32,27
Matthew Boyd,85,98,91,104,88,99,102,93,96,101,102,96,99,108,94,95,96,106,109,102,101,111,99,61,97,107,107,110
Buck Farmer,14,8,10,3,13,11,8,21,20,10,20,19,24,12,4,7,14,5,4,37,24,20,13,3,11,8,14,9,36,50,17,12,23,15,15,27,15,43,3,21,6,24,17,18,13,3,17,15,19,24,11,16,6,24,13,25,13,14,27,25,22,2
Reed Garrett,16,20,18,30,13,28,25,19,30,27,23,33,37
Blaine Hardy,23,25,22,18,27,16,12,26,16,12,30,9,9,28,12,9,29,10,20,27,17,11,11,14,33,10,12,25,24,16,14,16,32,1,18,24,9,11,11
Matt Shoemaker,87,92,93,100,46
Javy Guerra,27,13,15,12,12,10,29,13,22,20,39,4,33,52,24,17,26,35,12,16,14,12,9,28,13,3,5,22,24,13,35,10,39,56,21,49,50,43,21,23,8,30,5
German Marquez,93,91,92,105,95,102,80,102,102,87,104,91,103,69,96,102,93,98,90,95,83,95,94,85,94,93,88,94
Mike Dunn,9,8,5,25,4,8,2,5,10,16,9,12,14,5,20,13,13,10,7,6,8,17,12,15,2,8,15,24
Bryan Shaw,18,9,5,28,19,37,12,6,20,26,10,28,23,18,16,10,21,14,32,14,11,20,23,26,7,20,17,20,12,18,16,20,15,6,18,3,7,22,8,32,12,15,17,8,28,12,11,10,37,22,37,22,21,16,17,10,21,13,16,27,12,12,12
DJ Johnson,15,16,22,8,9,20,12,36,12,9,22,5,19,34,14,26,13
Adam Conley,17,10,19,17,20,13,26,2,11,3,15,12,17,18,8,9,20,5,21,10,15,18,26,6,25,7,20,21,51,16,13,37,33,31,16,9,28,20,33,11,6,19,18,34,12,7,14,26,14,42,29,15,1
Trevor Richards,81,97,108,96,100,76,90,94,88,91,92,98,95,78,108,93,84,94,90,99,18,14,13,71,83,63,78
Drew Steckenrider,14,9,26,13,15,17,13,17,18,5,8,27,24,14,17
Sergio Romo,20,4,11,14,20,22,25,10,15,12,15,22,20,27,28,19,16,13,10,25,14,4,20,7,14,6,8,10,11,21,12,20,7,14,15,11,19,24,20,14,25,6,25,16,20,19,17,3,24,12,14,17,11,11
Hector Rondon,11,14,9,18,14,11,15,20,15,16,9,21,4,4,10,24,13,19,22,22,19,11,13,24,16,15,23,15,19,15,13,22,21,10,14,17,12,32,15,15,21,16,16,13,16,17,18,10,24,13,11,9,26,13
Gerrit Cole,101,105,99,101,104,103,104,107,97,99,92,99,104,113,100,94,104,109,110,101,109,106,101,95,103,94,112,105
Josh James,21,23,37,23,28,24,29,4,45,24,21,10,41,30,14,48,17,35,19,49,32,17,35,27,13,15,43,10,24,15,28,17,33,7,38,18,14,15,15,23
Jose Alvarado,18,16,18,13,21,19,12,10,8,16,17,18,21,8,6,17,11,16,26,12,25,7,16,17,17,17,18,16,25,18,28,23,19,13,24
Adam Kolarek,1,10,3,5,10,19,14,3,12,28,13,5,11,5,4,8,21,21,1,5,6,2,27,6,15,14,3,22,7,21,13,1,18,10,12,8,33,8,14,23,16,6,13,8,1,15,17,26,15,7,3,4,18,16,3,7,12,6,12,18,4,11,16,4,5,1,13,6
Chaz Roe,7,8,3,20,20,5,19,11,16,17,8,12,21,20,15,7,28,9,13,9,22,6,1,12,10,25,9,15,17,28,3,11,9,11,2,3,15,22,24,11,22,3,27,15,10,21,33,5,13,12,24,15,7,16,10,17,36,9,16,4,9
Diego Castillo,19,17,14,13,4,20,33,2,17,21,7,32,8,12,14,12,19,25,21,16,20,16,32,16,17,22,10,9,19,25,13,28,24,11,31,17,10,10,10,9,15,5,7,19,13,13,14,22,15,23,32,26,28,12,22
Charlie Morton,85,88,93,92,99,102,101,86,82,88,106,87,83,94,95,105,101,101,100,97,90,105,85,107,100,94,99,77,108
Alex Reyes,12,20,13,26
Andrew Miller,19,22,9,9,27,2,11,14,11,23,20,13,22,19,6,12,9,12,10,9,25,15,15,15,1,18,4,22,13,13,7,17,3,23,10,5,5,4,8,15,4,4,14,12,15,22,19,15,10,23,19,6,14,13,25,5,18,16,7,16,14,15
Jack Flaherty,89,98,99,75,103,89,110,91,109,87,91,77,96,101,101,102,92,103,83,101,86,108,98,97,110,83,88,101,113
Jordan Hicks,9,11,32,24,14,13,13,17,19,5,13,6,13,11,28,4,39,12,15,8,35,16,13,15,6,6,7,21,7,28
Matt Albers,21,21,21,22,9,10,27,20,20,15,19,8,21,5,14,13,23,16,14,10,22,10,10,22,16,27,12,22,15,13,14,11,9,4,15,13,14,27,23,13,13,6,1,24,14,16,11,11,18,29,3,6,21,14,30,6,14,30,2,4
Taylor Williams,20,15,11,41,31,51,31,17
Freddy Peralta,80,100,92,64,90,80,80,25,37,54,91,84,35,45,72,14,25,45,25,40,20,19,19,40,29,26,31,11,26,16,18,8
Jacob Barnes,24,17,18,12,21,14,20,20,25,16,17,7,38,9,25,40,33,36,13,15,15,28,17,24
Chase Anderson,34,43,31,38,17,82,96,76,83,94,67,91,83,108,94,74,66,81,94,94,81,92,89,93,71,87,68
Alex Claudio,11,6,25,3,5,20,26,1,12,20,11,22,24,11,19,6,25,11,11,16,3,8,2,3,1,9,15,20,7,24,6,16,18,11,10,3,22,16,26,13,2,7,13,10,10,3,4,5,14,12,8,17,25,19,29,13,6,14,23,5,6,3,14,6,5,17,4,6,13,37,16,14,2
Matt Harvey,89,91,89,77,83,95,57,93,91,49,93,92
Cody Allen,16,17,10,13,16,33,23,14,12,19,25,23,18,17,20,19,20,31,17,16,22,16,24,15,35
Hansel Robles,18,22,20,14,15,16,12,29,16,22,13,15,4,4,30,11,12,18,14,11,13,16,18,10,30,20,22,15,13,24,20,35,14,16,16,15,12,15,19,10,15,12,35,20,20,9,21,8,16,11,23,10,14,12,13,18,16,15,11,12,25,12
Ty Buttrey,16,19,11,15,9,18,4,9,17,25,22,33,18,11,33,15,11,17,25,9,21,11,17,17,26,9,11,43,18,34,15,15,6,6,5,19,16,15,14,18,32,14,13,15,11,30,27,18,29,20,28,9,28,13,10,18,11,13,10,23,27,15
Brandon Workman,11,21,12,13,12,15,14,12,15,23,12,19,23,21,12,13,12,18,17,9,20,5,16,15,28,17,15,21,11,13,18,14,17,32,16,17,21,20,5,21,38,15,6,16,14,45,44,13,14,8,17,15,16,16,17,13,15,23,15,23,17,29,15,15
Colten Brewer,18,25,24,17,2,13,21,16,12,23,12,3,13,14,26,25,13,40,31,45,22,32,29,29,16,8,11,20,20,29,17,15,17,25,33,17,21,15,8,12,18,9,15,9,10,32,5,10
Nathan Eovaldi,89,96,89,104,24,18,36,25,12,15,36,40,17,6,24,43,36,64,81
Matt Barnes,12,21,25,19,12,24,11,18,21,28,9,2,14,20,16,26,16,20,20,18,23,12,11,32,20,21,17,18,20,26,18,22,14,36,19,23,21,18,13,3,24,7,16,8,9,28,16,40,27,33,16,19,27,13,12,23,17,16,18
Derek Holland,71,98,106,101,78,82,73,25,29,17,53,59,29,16,25,38,5,36,15,38,37,10,6,14,23,29,18,26,18,16,23,5,11,13,3,17,16,12,2,6,12,13,24
Sam Dyson,9,14,15,13,24,12,16,13,24,15,11,11,17,18,14,17,8,12,18,5,14,9,19,13,13,9,7,13,11,11,12,11,10,10,14,7,20,10,25,17,11,11,13,20,11,13,15,9,5,14,24,9,24,13,20,10,27,12,13,20,13
Mark Melancon,10,12,10,21,9,18,30,18,10,10,24,31,29,17,10,8,15,10,11,14,15,14,29,29,13,30,13,15,21,22,18,11,22,25,9,24,13,17,5,22,20,13,11,18,17,3,17,21,15,22,10,10,13,12,18,7,10,11
Travis Bergen,9,2,12,20,5,30,18,25,11,35,3,19,18,17,15,24,30,19,20,25,18
Trevor Gott,43,11,11,24,23,19,12,14,2,31,21,12,24,20,5,18,4,18,14,16,33,15,22,23,23,15,3,19,11,21,25,19,32,17,4,7,22,18,21,13,21,19,26,20,26,23,9,14,17,34
Robert Stock,14,11,12,27,27,26,9,27,28,48
Joey Lucchesi,87,83,76,89,92,84,100,71,77,95,86,95,90,103,86,87,91,79,97,97,99,102,94,109,73,102
Phil Maton,5,16,43,17,31,10,10,36,6,16,28,15,21,11,5,3,8,20,42,20,56,26,20,20,24,18,25
Greg Holland,11,11,10,15,13,16,17,18,17,9,23,26,13,16,14,23,17,6,15,13,11,21,12,19,12,6,10,12,30,10,20,14,16,13,14,9,17,20,12,18
Archie Bradley,20,22,16,30,28,21,36,11,18,11,23,16,12,18,39,24,22,19,25,19,10,29,17,1,29,22,13,22,13,43,13,23,18,29,37,1,8,21,37,32,14,20,28,14,14,18,7,16,23,20,17,33,4,12,28,14,32
Yoan Lopez,21,24,3,5,7,7,12,9,9,2,13,13,12,6,15,7,3,30,19,14,6,8,16,12,12,12,22,10,16,15,11,8,13,11,16,9,16,9,6,16,23,5,18,17,20,4,9,12,23,12,11,3,17,38,21,5,7,23,16,10,3
Andrew Chafin,21,27,3,8,21,11,1,8,15,14,1,20,22,4,5,6,2,1,10,8,25,6,10,3,14,9,8,21,16,14,3,17,2,3,19,20,17,7,10,9,12,9,19,8,20,8,18,25,14,21,2,1,3,11,16,22,21,20,31,12,24,6,19,25,4,3,6
Robbie Ray,102,89,95,100,92,94,96,95,94,87,106,102,98,107,98,97,103,83,93,97,101,100,109,84,92,45,103,91
Matt Andriese,62,27,29,27,35,20,31,21,43,39,26,36,11,12,15,35,13,14,11,14,13,23,16,9,18,20,20,21,27,14,19,4,15,14,24,20,21,28,55,40,12,13,23,19,29
Yoshihisa Hirano,25,27,9,13,2,12,9,18,17,20,13,14,12,7,14,29,8,11,1,23,18,17,2,14,10,17,14,21,13,10,23,24,27,14,16,1,15,14,18,9,12,17,14,10,30,2,25,9,18,21,4,13,23,28,29
Scott Alexander,12,8,4,8,8,14,7,7,21,5,3,21,10,10,6,10,3,22,7,9,10,7,14,9,2,17,20,4
Caleb Ferguson,14,17,20,6,4,13,18,51,25,11,15,14,17,8,22,29,21,34,30,20,17,34,8,13,15,28,11,14,14,23,15,16,13,9,40,23,9
Dylan Floro,35,18,5,14,10,26,10,10,11,10,1,14,20,25,14,18,17,12,16,11,13,13,17,15,8,13,21,9,25,20,14,11,14,13,33,21,5,28,13,11,22
Kenley Jansen,16,15,15,14,19,19,20,8,20,12,30,9,11,20,19,16,20,14,18,26,10,19,20,4,12,13,18,15,19,22,14,15,27,18,14,13,28,14,15,25,34,5,14,23,14,12,10,18,21,19,20,14,24
Pedro Baez,22,20,22,14,18,20,34,14,17,24,14,14,26,10,5,8,12,18,14,10,10,2,10,20,16,13,10,21,25,17,16,10,9,9,18,13,10,18,7,12,8,18,21,19,20,5,20,16,15,25,14,23,14,23,10,11,21,19,23,13,15,10,13
Ross Stripling,76,87,94,88,84,76,12,15,16,19,17,25,17,34,17,30,16,13,17,45,60,81,71,68,90,62,31
Joe Kelly,27,37,4,27,17,29,12,7,18,14,18,16,27,11,27,12,19,13,22,14,14,31,24,22,16,10,29,23,11,8,29,11,13,14,6,23,15,8,9,12,3,6,9,26,10,27,14,15,12
Noah Syndergaard,103,98,98,102,93,100,104,101,102,82,104,116,103,98,102,106,87,105,108,109,97,91,97,90,73,64,90
Justin Wilson,14,28,13,18,17,8,33,16,9,21,9,6,17,12,19,8,10,11,14,12,1,25,16,13,7,21,13,17,14,7,15,10,13,10,11,15
Wander Suero,31,16,1,16,3,23,11,23,22,14,8,9,27,11,27,24,26,11,19,30,25,24,8,11,30,19,8,12,17,17,13,14,16,7,14,12,14,11,7,17,15,11,8,19,19,32,10,11,3,14,11,20,21,26,13,14,11,11,19,8,22,13,5,10,15,10,15
Stephen Strasburg,96,108,83,97,104,100,108,106,97,93,101,103,105,104,95,101,111,110,111,106,107,100,98,97,110,94,113,107
Tony Sipp,20,9,7,3,11,1,4,6,14,7,6,6,24,11,3,4,22,5,7,3,12,16,15,8,24,13,3,13,10,6,5,10,5,22,8,20
Trevor Rosenthal,18,1,12,7,33,27,31,13,14,25,4,15,16,21,16,20,33,19,17,15,22,26
Jimmy Yacabonis,59,41,31,5,28,13,20,19,8,44,29,9,32,31,15,45,13,18,13,61,22,10,32,46,26,47,19,13,21
Richard Bleier,16,15,14,27,35,31,11,9,14,10,17,13,26,10,4,17,9,9,11,18,14,27,15,7,19,2,16,14,18,3,15,9,9,2,18,17,10,6,27,15,13,16,9
Mychal Givens,16,49,18,12,17,19,30,12,36,20,18,15,32,15,13,31,34,10,14,15,14,10,25,15,32,16,19,13,15,13,22,23,14,21,30,9,7,17,18,16,12,18,13,8,15,11,16,22
Miguel Castro,42,13,14,31,40,6,12,21,15,45,11,14,15,6,13,48,4,15,16,8,11,14,42,38,17,25,11,19,23,24,28,23,29,19,42,7,14,29,10,15,9,28,21,20,13,26,17,12,8,1,14,30,40,15,3,9,7,8
Nate Karns,33,32,16,10
Chad Green,18,13,27,16,28,14,15,32,12,18,12,25,29,18,20,14,19,20,19,24,35,33,33,16,13,44,39,6,15,29,28,31,35,4,47,32,25,24,21,24,11,35,35,34,40,20
James Paxton,82,99,95,110,104,106,64,66,83,63,108,100,91,103,99,107,77,99,100,108,107,88,109,86,95
Jonathan Holder,36,20,34,16,35,17,38,23,10,11,19,28,19,5,22,16,11,17,25,9,19,23,13,25,13,24,15,18,20,21,19,13,26,33
Jon Edwards,5,12,20,24,14,22,29,8,9
Tyler Olson,3,25,15,11,29,19,4,6,9,8,3,2,4,26,15,3,8,28,1,17,13,8,20,27,3,27,10,8,14,3,27,18,7,7,26,14,20,16,39
Trevor Bauer,108,117,115,112,120,118,105,88,122,99,123,109,111,119,118,117,91,127,107,114,117,120,117,91,107,106,101,102,79,84
Adalberto Mejia,10,42,37,12,23,43,11,20,2,17,27,41,25,25,4,11,47,42,26,18,11,14,16,14,15,12
Trevor May,9,26,8,9,16,24,21,24,13,27,8,5,11,19,25,3,7,13,15,20,32,18,5,19,20,23,9,23,17,18,9,19,23,23,27,20,32,23,16,24,49,17,1,22,19,19,26,21,13,24,4,14,14,18,25
Jake Odorizzi,92,36,71,101,100,86,100,95,98,90,93,108,99,92,80,91,84,89,88,102,103,109,102,99,104,98,91
Blake Parker,19,18,7,13,12,23,29,14,14,13,10,21,17,15,19,4,10,10,20,6,30,20,28,12,16,16,18,10,18,20,23,35,15,31,12,12,22,15,29,18,20,11,7,21,4,12,21,4,32,12
Alex Colome,12,11,15,16,19,13,14,12,16,7,15,13,12,16,22,21,9,12,6,6,9,9,15,9,11,10,18,39,15,15,11,27,10,18,3,7,8,23,13,13,6,15,26,17,22,23,31,26,22,11,15,23,15
Kelvin Herrera,11,14,11,17,17,7,12,11,10,14,25,27,10,25,17,17,24,5,16,12,18,28,23,7,12,21,18,17,13,8,16,19,7,23,22,28,18,11,4,20,14,24,23,21,17,12,22
Reynaldo Lopez,88,93,104,104,105,105,105,92,103,99,82,118,92,96,97,100,103,104,93,102,97,103,95,106,98,89,80,42
Jace Fry,17,12,20,33,46,4,5,6,6,19,19,14,13,29,23,17,14,19,23,9,25,14,7,31,26,7,5,13,6,19,22,6,9,14,25,5,9,5,26,24,20,13,17,9,2,16,10,19,10,31,20,2,12,9,9,10,21,36
Manny Banuelos,21,61,49,43,71,93,61,91,73,80,88,87,17,42
Tim Hill,2,12,4,11,15,31,32,12,1,13,1,40,18,25,1,12,8,6,12,15,18,21,33,5,5,12,4,30,21,23,2,21,7,28
Jakob Junis,92,102,94,105,87,75,89,99,96,99,98,96,99,89,92,100,103,108,98,107,94,99,92,96,85,86,94,99
Daniel Norris,36,50,58,79,87,64,90,96,94,92,100,93,98,91,84,93,77,98,89,58,100,74,102,80,51,45,59,63
Spencer Turnbull,91,91,91,92,94,94,102,111,85,92,99,91,92,96,92,100,45,56,86,76,90,93,73,98,102
Aaron Sanchez,90,89,100,89,59,84,89,99,103,54,91,64,85,95,69,85,104,73,100,95,99,80,95,92,90,86,46
Tim Mayza,12,13,20,30,16,14,4,11,5,19,6,13,4,28,11,18,13,7,19,19,20,18,17,20,18,8,13,15,2,23,16,12,23,4,11,19,15,12,5,25,10,19,16,1,22,9,15,16,12,10,10,3,7,19,19,12,12,6,20,4,11,10,24,5,22
Jonny Venters,5,29,8,20,10,8,5,18,32,24,15,23
Jesse Biddle,27,28,18,11,10,18,14,23,10,24,23,10,13,12,22,10,16,15,8,24,25,31,34,21,19,36,41,39,2,33
Chad Sobotka,19,7,17,17,10,13,35,20,27,24,29,11,31,13,28,12,19,12,6,20,6,15,3,21,12,30,22
Bryse Wilson,73,13,82,86,80,22
Josh Tomlin,16,14,24,26,6,38,1,19,28,10,16,58,30,33,12,9,18,15,35,7,27,11,31,16,12,25,43,45,5,34,25,24,10,3,24,33,16,25,31,67,13,21,14,28
Jose Alvarez,6,13,14,30,32,7,26,10,13,13,15,6,22,4,28,30,11,7,24,24,11,5,30,1,7,10,4,16,7,6,36,14,25,15,12,11,7,16,14,15,23,16,18,19,3,9,12,10,17,13,5,16,16,1,5,24,16
Juan Nicasio,18,7,24,36,44,16,31,5,15,24,24,24,14,22,23,17,6,20,20,24,8,13,2,16,25,26,17,25,16,12,12,14,8,24,4,8,19,22,20,21,21,24,14,23,2
Seranthony Dominguez,22,25,15,11,4,24,21,4,22,9,23,24,12,27,16,13,15,19,30,15,32,9,11,19,12,16,14
Nick Pivetta,76,83,94,100,106,82,105,116,92,93,86,87,50,36,43,28,18,12,42,61,21,12,22,58
Adam Morgan,3,10,15,18,3,11,8,17,6,13,5,14,5,11,11,15,8,15,24,1,12,4,11,17,13,22,2,21,2,3,21,12,11,17,23,2,24,15,3,15
Jake McGee,21,19,6,1,22,10,8,13,8,27,14,15,12,9,15,12,12,26,11,16,22,8,18,16,9,10,8,20,16,24,12,9,15,10,23,4,14,8,22,22,19,24
Tyler Anderson,85,82,81,99,81
Pablo Lopez,88,89,84,86,86,94,88,62,92,82,89,92,91,90,86,63
Will Harris,15,10,5,22,21,11,17,11,14,7,12,16,25,20,15,8,12,19,13,2,10,19,25,23,9,13,5,12,13,9,24,9,12,3,25,14,19,4,12,10,20,20,14,17,19,19,12,16,5,12,13,20,14,27,4,16,21,10,11
Chris Devenski,27,18,19,29,7,10,13,15,17,5,10,29,19,15,17,19,18,20,23,13,24,46,26,19,16,13,10,19,43,16,16,11,29,16,33,26,14,6,20,24,9,8,12,22,11,25,39,16,21,15,16,14,16,23
Collin McHugh,81,94,93,89,65,99,100,69,45,29,11,17,13,17,11,14,24,15,32,14,22,24,22,25,46,26,14,10,13,36,41,34,15,20,14
Tyler Glasnow,77,82,85,87,76,102,92,92
Ryne Stanek,21,19,12,32,17,22,11,14,14,13,13,15,28,33,26,22,13,26,17,24,11,27,26,32,33,37,20,19,10,15,17,16,30,40,34,11,23,31,37,13,18,14,33,13,15,26,35,15,20,18
Dakota Hudson,88,12,100,79,89,79,98,79,84,87,74,82,93,93,99,112,52,95,94,83,84,93,93,49,91,111,95,112
Mike Mayers,28,26,30,15,17,9,19,25,34,33,12,31,32
Alex Wilson,17,24,25,27,5,15,10,12,23,1,11,23,9
Brandon Woodruff,100,88,97,94,99,87,94,103,94,93,97,92,99,99,90,103,108,88,101,78
Steve Cishek,9,21,15,16,8,20,21,16,14,12,23,27,22,25,18,9,16,17,6,8,27,25,13,12,2,10,25,14,16,32,19,12,18,18,17,15,16,11,5,20,8,2,16,14,18,12,16,18,26,3,18,8,31,26,11,19,18,14,27,5,11,16
Brandon Kintzler,6,10,13,25,23,10,16,16,7,8,3,29,19,18,17,16,8,20,13,12,11,16,28,10,15,7,13,9,13,9,10,7,17,18,15,1,15,6,15,19,17,24,7,8,27,12,6,10,9,28,14,12,13,15,7,13,16
Jose Quintana,81,76,99,91,114,84,103,94,73,100,85,69,97,86,99,79,101,98,90,86,76,91,94,110,92,79,104
Yu Darvish,75,71,77,96,88,110,81,97,102,95,108,93,95,83,109,88,92,86,94,83,77,98,93,78,92,89,104
Carl Edwards Jr.,15,21,11,17,19,10,13,14,3,11,18,18,37,8,17,12,10,8,16,17,23,28
Edinson Volquez,80,83,15,27
Jose Leclerc,13,18,6,9,17,18,20,7,26,36,23,16,22,17,22,31,18,12,24,7,23,18,20,11,9,26,22,27,29,9,12,20,20,16,26,13,24,19,30,27,14,14,20,17,4,13,19,6,31,24,14,14,18,18,23,21,15,18,26,24
Reyes Moronta,38,26,19,12,11,20,16,17,30,18,16,26,21,20,26,18,27,19,15,31,38,34,19,22,11,13,15,23,12,18,7,13,13,24,12,33,23,20,13,13,11,16,13,10,11,18,25,18,18,14,22,25,7,8,17,3
Tony Watson,13,7,14,14,9,18,3,13,16,14,13,28,9,11,9,10,11,19,12,19,13,16,17,17,2,15,21,8,11,7,12,17,19,10,12,20,23,14,14,11,10,7,11,7,7,19,14,12,21,19,12,30,5,13,17,18,17,13,12
Will Smith,10,16,21,16,8,20,5,12,14,27,20,17,10,25,10,16,13,20,13,12,13,9,19,13,17,16,25,13,28,12,6,13,11,32,12,7,7,10,17,22,22,13,22,19,10,25,10,22,8,19,20,37,35,15,16,15
Dereck Rodriguez,71,87,101,98,78,81,83,85,21,81,16,26,43,19,24,20,33,66,69,95,76,72,94
Nick Margevicius,72,54,77,82,94,95,89,92,77,53,54,51,3,24
Robbie Erlin,29,41,19,50,16,38,4,35,16,6,13,28,17,34,10,41,4,19,10,6,16,12,15,71,37,7,33,30,45,19,57,33,46
Felix Pena,61,90,72,71,78,65,86,64,68,21,102,61,74,85,72,85,61,81,91,80,84,18
Justin Anderson,15,20,12,26,14,26,21,16,12,17,18,18,17,18,28,14,27,29,13,12,16,13,10,30,6,6,7,28,22,13,14,15,10,20,20,13,13,23,5,15,19,13,26,17,23,22,15
Noe Ramirez,38,13,12,47,11,20,34,27,34,17,22,39,15,25,19,39,33,25,16,35,16,38,16,25,25,16,26,10,22,8,36,24,26,15,30,20,21,34,6,9,8,17
Luis Garcia,9,19,15,11,28,14,22,11,31,3,19,23,10,15,6,11,12,18,16,17,13,9,23,20,36,2,19,2,15,19,13,7,12,16,28,11,23,24,26,16,9,27,16,22,6,21,10,28,22,18,24,10,14,18,18,11
Brett Anderson,96,101,88,93,42,78,94,96,100,75,110,80,92,93,98,55,100,82,105,81,79,95,79,91,83,91,86
Eduardo Rodriguez,105,84,93,94,90,97,100,103,106,95,98,89,101,114,111,99,115,76,105,99,113,108,113,101,113,106,101,93,104
Mike Leake,97,106,87,85,81,98,102,105,99,84,106,102,119,91,97,92,96,96,47,98,100,89,97,86,93,73,95,94
Zack Godley,101,103,96,91,98,69,56,18,40,36,73,36,12,46,12,14,58,75,70,9,12,17,21,18,41,12,55,54,43,12,50,54,46
John Ryan Murphy,54,16
Russell Martin,10,8,11,16
Kenta Maeda,106,91,82,98,74,73,84,86,85,81,88,70,97,89,86,88,101,87,35,12,95,92,61,93,87,85,79,58
Dylan Bundy,93,85,87,88,95,94,96,80,118,91,89,96,91,98,99,94,96,37,94,97,97,102,98,83,87,104
John Means,79,34,18,60,82,35,92,91,96,110,94,100,103,108,103,103,84,98,98,102,95,80,95,94,100,74
Tommy Kahnle,31,25,13,22,9,6,21,17,14,10,7,22,12,17,7,22,8,10,10,9,11,21,13,17,14,13,15,20,20,3,15,20,15,10,8,12,16,11,15,16,14,10,13,16,16,15,16,10,12,16,15,17,8,22,14,17,10,15,4,3,13,24,3
Luis Cessa,61,33,26,18,19,19,16,29,31,13,48,23,46,28,23,42,14,28,18,33,27,50,48,33,45,55,18,50,42,43,22,28,54,27,30,37
Stephen Tarpley,14,26,9,3,18,17,16,21,13,16,23,49,30,48,51,57
J.A. Happ,75,88,88,84,89,95,81,94,64,77,82,84,102,91,87,68,92,89,90,74,94,91,99,95,80,95,98
Matt Moore,84,33
Daniel Stumpf,14,6,24,9,14,14,12,5,7,11,12,2,8,14,16,13,18,7,24,6,6,21,20,6,18,7,14,5,2,8,18,4,13,5,6,11,13,14,3,15,8,14
Sam Gaviglio,8,35,14,37,36,10,44,41,13,23,29,22,17,44,35,26,36,35,16,26,29,30,20,24,39,57,33,23,15,30,30,38,34,24,49,28,42,47,9,26,32,41,29,3
Trent Thornton,75,92,70,93,83,103,102,63,102,87,112,97,92,96,102,102,88,64,89,48,51,87,92,89,86,80,82
Thomas Pannone,21,69,60,1,9,39,2,6,42,41,58,10,23,19,13,38,45,9,10,51,34,23,13,76,65,93,88,55,65,54
Elvis Luciano,23,37,26,19,25,39,25,4,34,40,19,27,32,36,37,32,22,24,35,20
Trevor Williams,80,87,93,98,102,101,102,103,73,69,100,95,97,90,98,95,81,93,64,84,88
Felipe Vazquez,25,31,18,11,28,18,43,15,12,24,21,26,12,19,11,10,14,7,20,16,23,15,21,18,25,17,12,13,11,5,16,25,29,21,23,10,17,15,20,14,13,12,11,1,10,16,12,18,27,9,15,14
Joe Musgrove,30,88,87,104,94,99,69,78,75,87,84,102,99,18,69,105,83,34,91,104,98,89,79,71,96,97,84,82,101
Keone Kela,4,22,28,12,12,18,18,21,15,17,15,13,18,7,14,10,18,14,12,14,10,29,18,13,18,17
Wandy Peralta,19,8,8,14,13,12,11,8,4,8,17,9,7,21,16,4,14,14,6,15,21,21,6,19,17,4,9,34,30,15,9,7,21,12,29,17,18,24,32
Robert Stephenson,28,24,18,13,12,22,23,14,8,16,15,10,9,22,4,13,20,34,19,31,30,27,15,16,19,20,24,18,22,12,22,23,18,36,13,39,9,9,12,11,13,15,15,18,25,16,9,13
Sonny Gray,72,83,60,87,88,90,82,83,88,103,102,88,98,90,109,98,111,103,85,105,89,110,104,97,105,102,101
Michael Lorenzen,41,16,14,13,32,23,7,8,19,2,14,22,23,11,18,33,23,17,13,22,30,19,19,19,11,13,28,10,8,19,11,7,13,25,2,18,19,20,19,35,3,12,34,6,28,18,12,18,26,18,19,27,10,11,16,6,23,27,10,10,25,23,26,14,27
Wade Davis,11,21,16,21,10,22,7,29,15,7,5,17,15,18,26,28,14,19,16,10,18,32,17,25,12,11,26,12,8,9,13,22,13,18,12,23,18,21,12,22,16,17,24,18,14,11,12,20
Harrison Musgrave,12,5,30,27,10,28,18,25,30,20
Jon Gray,89,92,102,89,97,87,106,89,98,105,84,87,89,96,12,83,96,106,97,98,95,76,112,96,92,100
Sandy Alcantara,92,93,93,89,84,96,97,98,89,82,98,95,96,85,112,90,108,97,96,102,102,102,106,92,98,102,103
Wei-Yin Chen,9,50,66,27,24,10,38,18,32,10,3,11,58,20,28,26,26,10,22,10,37,16,2,17,21,23,8,15,33,51,31,13,26,33,46,38,11,26,36,11,45
Wade Miley,87,95,82,92,87,106,102,92,100,89,102,102,95,95,88,85,99,108,111,94,109,97,108,100,71,107,96,95
Yonny Chirinos,88,67,48,70,91,73,93,63,68,49,69,91,101,101,94,88,105,101,93,104,88,93,63
Zack Wheeler,95,103,111,109,105,94,111,107,98,118,102,102,107,94,108,94,107,116,104,73,88,101,91,92,108,97,101
Tim Peterson,4,15,19,44,33,27
Robert Gsellman,26,21,16,20,7,21,21,35,18,7,40,25,37,30,14,38,29,19,31,5,7,29,27,28,13,17,12,14,12,20,13,10,23,22,17,19,20,23,15,12,32,17,28,13,25,13,27,41,20,12,24,7
Luis Avilan,12,29,28,18,8,33,27,30,12,31,11,4,2,15,14,19,1,15,9,16,12,10,11,17,22,7,9,10,19,6,14,17,12,6,4,4
Sean Doolittle,30,14,15,10,22,19,16,18,20,9,20,20,13,30,19,15,13,14,31,7,12,18,23,15,13,12,15,15,1,23,12,21,19,5,16,23,20,33,18,12,20,26,14,16,22,16,9,12,19,26,17,24,15,13,9,22
Patrick Corbin,94,86,106,107,103,92,118,107,108,98,116,65,101,88,101,100,87,104,103,100,106,107,87,94,110,93,104,95
Shane Bieber,17,91,105,106,65,106,114,87,101,107,111,77,104,48,105,102,100,112,103,109,103,102,108,107,108,107,83,111,109
Carlos Carrasco,65,90,28,108,62,92,94,63,107,100,105,108,19,28
Neil Ramirez,17,17,18,22,22,27,27,16,20,24,16,15,12,24,22,15,7,30,34,26,23,27
Dan Otero,10,25,21,8,21,6,13,26,26,18,4,30,5,23,1,25,21,9,19,29,20
Michael Pineda,40,80,96,75,86,98,95,96,91,81,94,79,96,80,92,88,96,76,109,96,80,86,88,89,84
Trevor Hildenberger,6,3,25,8,6,10,15,7,1,20,18,21,13,20,21,10,21,25,17
Ryne Harper,27,14,6,19,15,7,43,24,6,15,15,16,8,11,33,14,14,15,20,14,14,6,21,7,10,4,13,32,10,4,11,12,18,13,2,24,13,18,15,15,6,29,14,2,9,11,16,4,19,13,6,16,8,4,27,14
Martin Perez,82,72,44,86,96,96,100,102,93,103,88,63,92,95,105,79,102,94,83,79,100,68,102,88,100,100,82
Michael Wacha,96,119,92,93,101,83,89,90,86,40,32,75,72,95,82,55,30,45,73,92,80,73,113,95
Corbin Burnes,87,93,94,74,40,31,18,3,23,31,30,36,20,16,21,7,27,34,9,13,4,14,42,6,15,16,7,16,23,19
Lucas Giolito,99,89,102,40,98,105,105,78,107,107,103,111,104,88,96,68,87,94,101,102,97,107,103,113,115,106,86
Chris Ellis,17
Kyle Zimmer,20,18,19,37,34,15,44,25,51,57
Jorge Lopez,82,97,93,101,106,77,99,74,112,31,34,73,37,10,40,6,27,31,22,18,13,32,47,30,21,9,52,3,54,44,63,13,41,82
Tyler Chatwood,25,36,29,27,71,27,18,25,12,68,40,28,62,12,37,16,53,73,90,15,17,68,6,19,45,51,23,13,15,24,20,12,77
Cole Hamels,100,111,106,97,112,95,93,103,101,99,93,84,99,93,104,84,22,74,77,53,94,97,96
Lance Lynn,103,105,111,102,79,113,103,118,91,120,116,102,104,100,108,109,112,115,110,109,118,111,115,120,101,112,109,103
Chris Martin,17,16,18,11,15,22,11,12,12,29,27,22,10,13,11,9,13,17,19,9,13,16,14,16,12,19,5,16,14,13,17,10,12,27,15,15,16,16,11,16,15,22,17,12,13,15,9,16,14,21,14,28
Tyler Skaggs,86,101,80,92,98,88,101,110,93,102,92,95,87,70,91
Frankie Montas,77,92,84,88,107,75,90,97,109,101,96,99,97,93,93
Rick Porcello,73,98,90,91,91,114,102,107,95,80,110,94,100,101,94,98,33,106,112,99,112,98,99,75,84,100,79,91
Ryan Brasier,15,18,20,12,15,16,8,19,14,13,19,10,12,11,17,13,12,14,26,18,17,17,18,16,17,23,17,17,17,14,21,11,12,11,14,16,12,23,10,24,28,9,13,15,19,16,15,28,12,13,20,18
Chasen Bradford,14,10,25,12,30,12,13,22,53,10,16,31
Wade LeBlanc,90,102,92,49,68,85,89,98,73,92,83,90,95,72,93,86,78,70,78,96,64,24,49,41
Jeff Samardzija,86,74,90,86,85,79,86,86,68,107,89,110,101,114,95,96,114,96,92,79,100,90,98,103,90,95,92,109
Adam Warren,27,38,31,12,15,27,25,18,20,19,2,15,14,36,29,10,8,8,15,6,34,46,43,29,28
Chris Paddack,79,89,88,88,83,89,91,92,89,86,91,85,85,97,96,94,88,93,77,86,93,62,92
Luke Weaver,97,84,92,93,94,96,102,104,103,82,87
Walker Buehler,66,79,85,92,96,95,100,97,99,99,95,102,91,100,111,96,106,101,94,100,110,101,86,91,98,89
Kyle Wright,85,77,76,64
Jake Arrieta,104,75,108,105,99,99,89,99,107,99,100,97,97,105,85,85,93,75,88,87,79,71,80,66
Adam Wainwright,72,100,91,86,86,80,76,92,79,103,92,126,70,86,105,101,97,77,106,95,99,98,91,109,90,96
Francisco Liriano,6,13,16,27,19,23,14,24,27,3,11,6,28,29,22,14,2,33,26,14,10,14,30,10,12,12,11,15,24,18,19,34,23,14,29,9,20,11,15,19,12,13,11,19,12,13,13,13,22,13,11,21,13,23,20,21,22,15,9,5,19,15
Nick Kingham,5,30,27,18,18,28,29,57,78,92,89,86,74,54,30,18,15,33,16,40,17,49,38,29,57
Kyle Crick,12,15,12,4,26,14,17,8,10,9,18,16,19,21,17,3,10,16,26,23,13,23,21,29,25,24,24,22,21,25,21,21,23,24,12,34,10,13,17,22,18,14,28,10,30,14,12,16,11,18
Steven Brault,32,74,43,32,66,96,71,98,74,93,83,90,97,97,81,86,84,82,98,88,82
Chris Archer,99,100,94,83,88,80,92,105,92,97,108,101,85,67,95,97,101,97,107,95,100,98,17
Caleb Frare,16,4,16,13,4
Ivan Nova,93,72,93,88,88,102,104,92,88,94,59,59,97,82,102,70,101,97,95,104,84,112,88,78,107,104,103,107,79
Mike Clevinger,106,75,91,52,79,92,100,104,111,107,117,103,104,106,115,109
Tyson Ross,89,91,92,90,98,45,90
Domingo German,79,89,25,88,99,87,108,84,85,93,84,87,92,80,78,90,82,77,97,90,93,99,85,90
Zach Davies,90,89,94,97,103,96,118,85,92,53,87,107,101,68,72,75,97,89,105,99,100,74,90,75,82,77
Tanner Roark,96,93,95,86,98,88,113,94,86,87,102,89,92,116,97,95,99,98,102,102,85,109,101,102,95,92
Pedro Araujo,14
Sean Reid-Foley,52,42,67,44,92,81,95,88,51
Steven Matz,74,103,102,31,99,101,104,81,88,93,99,120,113,99,81,27,4,12,68,88,99,65,103,79,98,102,91
Caleb Smith,87,86,99,87,102,92,112,106,89,67,93,83,95,105,96,93,106,101,87,106,102,103,89
Chad Bettis,91,66,75,27,37,16,23,11,20,18,2,38,12,37,25,27,19,19,7,24,31,45,4,23,27,16,13,37,16,15,57,39,11,33,11,14,13,9,22
Ryan Yarbrough,57,49,16,55,74,99,53,92,110,90,42,91,42,61,82,75,61,75,63,99,83,68,85,98
Wilmer Font,4,25,17,57,34,44,27,4,16,59,60,63,75,40,18,8,2,46,55,51,19,10,27,40,49,34,22,38,43,26,41,37,39,40,38,33,30,39,19
Kyle Hendricks,95,75,87,100,85,81,96,97,83,99,108,111,98,84,55,86,94,103,90,104,104,67,77,106,76,81
Arodys Vizcaino,11,19,27,11
Sean Newcomb,91,98,35,29,18,19,12,13,21,20,21,16,27,12,10,21,13,4,55,61,17,19,14,11,34,26,6,19,25,27,2,24,17,25,27,5,26,9,16,21,20,20,17,30,2,17
Brad Peacock,86,90,45,17,84,91,67,98,88,91,93,92,89,90,89,102,70,32,17,28
Drew Smyly,73,90,93,102,68,96,93,93,91,84,54,53,64,96,103,85,98,87,84,92,94
Adrian Sampson,70,66,78,64,41,10,82,74,80,97,76,97,97,109,93,65,91,99,71,18,43,34,95,87,90,13,26,26,20,21
David Price,93,83,92,100,93,97,67,15,96,99,103,49,73,97,93,99,113,88,98,94,75,45
Aaron Brooks,86,91,88,91,94,86,91,21,14,56,36,24,26,23,26,32,56,73,96,97,71,91,92,98,90
Chris Stratton,82,85,81,97,93,55,88,13,72,44,5,10,35,25,36,11,60,32,30,13,18,35,16,18,3,48,30,16,60,50
Felix Hernandez,92,29,93,92,75,96,79,68,88,87,70
Jon Duplantier,33,19,58,21,56,77,71,76,53,35
Merrill Kelly,88,94,95,109,106,90,94,93,89,63,104,105,95,93,84,98,76,90,96,93,63,94,84,94,100,105,78,102
Matt Strahm,65,87,89,87,81,76,96,88,69,95,84,87,82,81,77,10,20,18,29,8,24,43,15,28,18,7,23,16,4,42,17,16,26,22,24
Drew Pomeranz,90,94,84,88,87,77,54,96,76,56,92,93,99,93,103,86,73,29,21,17,11,21,14,40,23,14,9,22,16,27,16,26,8,27
Julio Urias,77,74,87,91,23,47,11,14,40,30,27,31,29,37,41,26,43,40,48,17,19,61,32,61,55,31,43,44
Anthony DeSclafani,89,65,81,80,91,85,95,67,58,76,95,96,85,86,86,73,95,87,101,80,92,98,83,89,80,110,104
Vince Velasquez,14,80,81,97,97,99,98,33,22,21,27,19,15,30,10,10,38,57,84,79,87,110,90,95,77,108,58,75,67
Zach Eflin,85,105,81,92,72,107,108,110,90,104,75,95,82,90,82,89,74,102,57,73,21,28,22,17,73,79,84
Edubray Ramos,12,30,17,36,18,2,17,2,9,16,7,12,11,14,9,13,5,25
Jeremy Hellickson,31,100,79,93,55,79,99,75,64
Jason Vargas,74,24,36,75,89,86,50,81,98,117,93,72,104,77,100,83,88,99,100,90,82,87,86,92,91
Carlos Estevez,19,36,32,2,9,16,16,18,3,21,28,6,23,11,17,10,22,18,7,19,1,19,20,29,14,17,19,27,14,28,8,12,15,18,7,26,25,8,14,14,13,16,26,33,29,29,34,3,17,20,19,24,19,23,34,4,27,15,15,19,16,2
Framber Valdez,34,9,37,15,23,7,35,44,20,21,28,37,15,65,84,82,64,69,28,85,94,103
Shelby Miller,88,67,87,77,92,62,73,60,26,17,12,12,4,27,24,27,51,40,17
Anthony Swarzak,9,12,11,8,15,14,29,19,24,19,18,17,29,12,16,15,13,12,29,20,16,25,16,11,8,7,16,15,18,12,7,13,15,20,16,12,16,14,13,23,14,16,17,3,10,32,10,31,5,19,11
Anibal Sanchez,76,83,100,90,98,94,108,89,31,80,80,69,98,97,110,102,88,97,89,98,87,89,80,112,94,74
Kyle Gibson,84,97,94,89,105,100,88,88,91,98,88,94,88,94,98,11,102,26,80,106,101,96,110,85,92,99,95,107
Homer Bailey,99,96,102,86,38,98,94,86,90,66,77,77,77,97,102,121,108,103,93,87,66,105,101,73,91,108,105,99
Scott Barlow,25,45,20,36,19,25,22,39,15,7,17,26,30,30,26,20,37,28,37,37,14,19,30,25,12,12,4,15,16,29,16,14,23,20,14,26,19,12,19,18,20,20,21,9,35,20,18,14,16,16,8,26,17
Jonathan Loaisiga,70,71,45,83,56,40,27,36
Matt Wotherspoon,36,67
Alex Cobb,87,61,81
Tyler Mahle,78,89,99,91,84,84,102,93,98,95,91,73,96,95,103,102,84,89,100,90
Jordan Lyles,80,87,86,81,96,100,101,104,91,72,109,92,103,78,43,100,45,94,91,106,83,99,97,78
A.J. Minter,19,19,8,21,16,17,16,16,12,27,13,12,15,25,7,12,20,15,6,15,18,19,18,20,11,7,20,16,18,27,17,11,23,23
Eduardo Nunez,14
Kevin Gausman,88,102,99,88,79,28,85,84,94,88,42,88,55,83,100,94,44,32,26,23,26,31,5,30
Connor Sadzeck,22,17,13,25,18,23,21,26,16,5,17,4,25,26,30,12,34,40,17,33
Jose Ruiz,17,10,13,8,35,13,7,2,19,29,35,22,18,5,12,30,23,31,14,3,33,23,15,8,6,21,24,10,21,22,3,32,18,25,23
Matt Wisler,39,35,24,25,37,15,16,51,9,32,4,33,9,56,11,34,12,11,27,30,22,12,20,24,19,4,27,25,12,23,14,11,12,26,9,13,12,21,8,32
Kyle Ryan,19,20,13,23,13,6,24,27,20,15,15,9,2,13,2,5,2,13,14,11,16,4,27,14,20,5,19,11,15,19,8,4,18,14,4,11,23,15,14,15,9,11,17,21,26,12,29,5,16,4,16,28,6,10,9,19,7,8,11,10,17,16,4
Allen Webster,6,18,12,2,19,36,17,9,2,8,3,39
Hanser Alberto,20
Dan Straily,44,66,86,98,89,85,95,75,91,57,53,31,41,55
Joe Ross,22,27,22,3,19,21,2,9,29,16,14,20,8,36,3,26,26,98,86,87,99,92,58,88,85
Marcus Walden,24,10,23,35,41,9,25,5,14,8,31,17,45,29,30,18,37,12,9,18,25,15,22,17,15,26,13,29,12,24,10,17,12,20,24,23,26,12,23,9,6,7,18,17,18,4,15,15,18,17,7,1,11,14,23,19,13,17,22,20
Dennis Santana,42,17,45
Yency Almonte,37,21,22,39,19,10,33,12,43,42,23,24,22,34,14,51,48
Hunter Wood,43,13,38,6,10,34,3,19,30,52,40,20,32,31,13,12,13,25,25,18,29,9,15,24,9,19,7,17,26,9
Carson Fulmer,47,28,19,19,54,25,16,32,14,36,30,21,18,30,39
Brad Wieck,17,7,13,13,17,19,8,22,8,20,10,20,25,16,9,22,11,10,9,12,15,17,17,12,12,14,16,30,19,12,4,18
Drew VerHagen,10,19,11,4,12,17,16,10,1,37,82,84,79,66,56,96,66,67
Ervin Santana,88,91,71
Evan Phillips,48,22,25,9,15,31,20,12,21,19,36,11,37,32,13,33,19,31
Chase De Jong,46
JT Chargois,11,12,25,9,9,11,24,16,11,8,15,21,16,12,6,6,16,11,22,10,21
Glenn Sparkman,44,19,74,86,26,17,60,18,68,24,80,96,88,91,105,58,98,116,97,98,82,91,97,81,91,100,89
Richard Lovelady,13,9,16,23,13,5,23,35,11,12,22,16,8,4,5,2,20,18,21,11,35,9,12,18,14,9
Jake Petricka,19,22,14,8,33,22
Nick Wittgren,31,18,13,29,12,28,24,25,19,19,22,21,15,21,18,19,10,14,19,12,21,2,31,15,23,32,23,10,14,12,9,16,24,20,29,8,12,23,17,6,9,20,22,13,15,17,10,25
Josh Rogers,70,82,53,24,34
Aaron Altherr,19
Andrew Vasquez,13
Joe Harvey,29,23,14,23,30,25,15,26,25
Tyler Webb,11,14,7,18,9,18,3,14,6,3,5,23,13,8,31,39,10,1,24,45,13,17,21,4,24,7,6,3,1,12,27,9,10,22,7,27,29,15,15,11,12,20,13,18,3,18,11,4,8,14,21,14,2
Tim Collins,17,25,18,9,32,40,1,7,11
Heath Fillmyer,75,79,83,47
Jaime Barria,43,79,71,64,92,75,87,80,93,85,89,99,77,90,74
Josh Lucas,29,11,27,54,45,30,11,3,63
Tanner Scott,8,14,17,28,21,30,8,19,27,9,12,26,37,24,30,13
Erik Swanson,44,81,83,69,106,81,64,48,30,32,29,39,20,23,16,12,10,27,27
Jake Newberry,12,11,32,10,16,46,11,35,11,36,25,30,20,5,18,26,14,14,23,14,13,15,7,21,14
Jaime Schultz,21,13,21,41
Giovanny Gallegos,21,7,43,16,9,13,10,29,15,20,4,32,27,17,12,27,25,15,1,23,14,32,21,15,17,17,16,16,10,13,13,21,15,11,20,26,22,13,28,25,19,19,17,4,20,18,19,15,23,16,3,14,19,12,11
Pedro Avila,85
Jake Jewell,11,10,35,35,36,9,23,33,49
Victor Arano,25,25,18
Gerardo Reyes,10,23,18,6,19,27,24,16,12,33,27,10,7,31,12,5,15,18
Shawn Armstrong,24,14,21,29,28,6,36,9,18,11,16,17,13,11,20,30,16,19,28,18,19,29,33,30,25,7,14,20,15,23,17,26,19,19,30,29,23,17,19,12,8,35,20,19,33
R.J. Alaniz,34,14,18,17,12,12,23,38,24
CC Sabathia,62,86,86,87,99,76,84,88,83,69,77,94,104,89,79,77,65,67,78,48
Clay Buchholz,69,84,70,95,76,65,83
Jefry Rodriguez,91,91,95,101,103,94,101,58
Cody Anderson,26,12,49,38,68
Corey Oswalt,90,49
Touki Toussaint,85,60,76,21,16,10,32,33,56,6,21,27,24,11,51,36,18,27,15,28,19,17,34,54
Paul Sewald,33,43,16,29,14,16,10,31,40,6,18
Drew Anderson,20,84
John Curtiss,48
Clayton Kershaw,84,92,101,95,100,98,97,95,95,95,93,100,89,89,96,101,97,94,87,101,90,89,91,92
Antonio Senzatela,83,94,105,86,91,100,101,87,101,90,87,90,103,109,94,73,95,60,53,97
Luis Perdomo,28,16,14,22,27,57,23,37,21,25,11,31,24,15,35,4,8,10,14,23,25,7,29,54,27,10,17,68,4,9,21,3,15,24,37,12,51,13
Erasmo Ramirez,41
Austen Williams,11,18
Drew Gagnon,97,21,5,5,12,26,32,7,21,13,6,14,23,20,50,10,34
Jerad Eickhoff,59,92,86,87,106,87,84,77,91,92,75,39
Jacob Webb,8,3,23,11,5,7,15,24,10,31,16,20,10,9,24,16,20,7,19,12,16,29,12,28,38,7,9,26,5,1,10,11,20,15,14,5
Tyler Duffey,33,12,22,37,16,3,28,33,34,38,10,21,14,18,15,28,27,19,10,13,15,22,7,10,25,19,13,12,14,17,12,10,16,28,11,3,11,10,26,9,9,11,12,22,21,10,24,11
Ryan Helsley,28,23,30,35,26,12,13,28,60,23,27,27,46,30
Dillon Peters,34,13,21,87,90,72,104,97,94,106,87,92
Reymin Guduan,16,13,28,7,17,19,12
Jeremy Jeffress,6,12,18,24,14,24,23,6,20,21,19,33,30,25,16,24,22,27,5,20,22,21,22,17,16,22,19,19,13,10,20,11,24,1,20,17,14,16,21,18,24,17,12,11,17,37,9,18
Aaron Wilkerson,66,47,43,58,23,3,13,80
Josh Osich,24,17,19,19,7,37,13,4,36,30,16,16,21,22,16,21,3,3,1,9,39,32,13,9,17,22,12,17,30,31,11,5,23,16,18,28,17,22,24,2,30,16,8,3,35,34,13
Jarlin Garcia,10,8,8,42,16,46,25,10,14,18,4,31,12,36,17,27,6,19,23,9,16,11,12,10,2,12,11,12,15,9,22,15,1,11,9,19,19,4,11,9,11,9,10
Emilio Pagan,14,34,11,8,15,17,4,11,13,11,22,8,35,40,12,22,30,16,14,5,33,15,21,14,31,3,8,23,8,13,9,23,14,11,5,17,12,12,15,11,29,30,14,23,20,14,8,2,17,29,30,10,31,8,8,12
Dan Winkler,4,15,16,18,16,6,12,7,9,11,14,16,22,6,8,10,10,8,24,31,1,2,13,16,10,17,29
Mike Soroka,85,109,81,89,102,93,94,80,100,99,98,68,21,93,100,83,84,88,93,93,82,95,101,79,89
Ryan Tepera,9,24,18,3,19,14,15,9,18,14,18,26,24
Casey Sadler,18,22,37,32,44,36,32,16,43,28,13,17,16,16,28,24,21,17,8,30,3,9,16,19,15,20
Brett Martin,9,24,45,15,10,18,12,12,21,21,2,9,16,10,40,23,26,21,7,16,18,11,23,30,17,12,24,24,9,20,19,8,41,25,14,5,24,19,15,52,19,22,33,33
Donnie Hart,20,28,11,36,9
Fernando Romero,24,26,21,23,9,11,8,16
Chris Davis,22
Branden Kline,30,26,32,27,24,21,16,13,20,18,19,15,21,29,23,40,15,25,27,12,30,13,27,33,22
Jacob Rhame,31,19,19,38,14
Chris Flexen,89,29,21,40,40,16,19,11,9
Taylor Clarke,39,90,100,55,96,77,97,71,93,71,75,87,95,73,53,29,35,33
Kendrys Morales,21
Austin Adams,33,25,27,31,20,43,21,10,22,18,14,15,11,13,30,9,40,16,15,30,16,36,26,16,6,23,19,12,17,10,12,13,17,17,20,27,15,22
Bobby Poyner,11,21,59
Jake Faria,33,40,37,18,12,33,43,33,16,27
Taylor Cole,28,41,33,20,12,38,32,9,41,26,19,40,6,22,47,25,21,16,16,15,35,24,27,13,29,31,19,23,10,21,37
Austin Davis,43,22,53,26,18,23,22,51,32
Kevin Plawecki,13,6
JB Shuck,13
Gabriel Ynoa,19,9,53,36,41,30,54,62,33,85,82,88,92,94,64,83,20,86,67,24,28,33,34,26,69,95,2,20,22,23,10,67
Jesus Sucre,9
Adrian Houser,78,19,35,16,36,23,32,34,12,30,43,18,32,33,33,11,64,75,87,92,21,26,16,69,89,96,95,89,74,98
Chris Bassitt,92,103,97,93,105,88,91,100,107,106,99,94,94,78,96,94,94,83,88,94,116,92,62
Zac Reininger,2,21,25,32,17,34,25,21,16,18,20,2,12,8,23,26,19,33,3
Jose Manuel Fernandez,1,26,32,18
Travis Lakins,34,10,41,25,20,13,14,34,32,43
Darwinzon Hernandez,50,86,24,12,28,11,17,12,7,15,22,20,15,43,28,34,32,15,22,15,17,22,42,12
Austin Pruitt,24,22,31,19,85,33,93,29,56,83,77
Daniel Ponce de Leon,90,71,90,92,27,31,105,73,86,48,81
Jeff Hoffman,85,93,89,96,74,88,82,95,45,84
Sam Freeman,40
Wei-Chieh Huang,48,8,29,29
Jose Quijada,16,3,5,54,3,6,11,15,31,24,10,24,19,24,27,16,26,24,15,29,22,12,6,19,27,16,34
Daniel Zamora,5,12,5,14,3,19,12,7,8,19,17,4,2
Kohl Stewart,105,90,42,17,18,18,46
Matt Ramsey,11
Taylor Hearn,39
Jeff Mathis,16,11
Matt Magill,26,37,13,15,16,19,3,9,16,13,12,5,18,9,25,5,40,12,45,16,30,12,22,27,29,4,5,38,29,18,31,15,17,8,16,14,19,14,18,10,18,24,10
Danny Duffy,86,100,100,107,106,90,93,51,99,105,96,109,108,56,90,99,96,87,90
Jedd Gyorko,4
Dillon Maples,23,23,17,10,29,10,13,9,21,18,24
Justus Sheffield,75,86,92,91
Tyler Clippard,12,21,15,12,13,6,14,29,20,11,8,13,19,17,19,12,19,7,14,16,15,21,29,28,16,25,21,15,20,15,36,8,32,28,26,6,21,20,17,11,9,16,20,22
Enyel De Los Santos,19,29,31,31,66
Mike Foltynewicz,78,82,90,99,67,89,76,99,96,100,73,101,107,107,104,98,76
Caleb Joseph,6,3
Ariel Jurado,29,3,18,34,8,30,31,33,76,26,94,101,91,94,83,82,100,98,36,99,93,108,86,100,83,61,112,66,57
Dylan Moore,35
Gio Gonzalez,82,87,79,87,90,102,73,93,71,90,83,92,102,56
Jerry Blevins,11,3,12,8,4,24,17,4,15,1,17,16,24,17,6,13,14,25,10,21,9,1,10,38,12,2,26,19,28,12,10,3,3,14,6,12,9
Erick Fedde,49,26,18,27,44,61,83,85,90,81,84,66,79,93,75,102,102,35
Ben Lively,27
Rich Hill,85,85,96,84,90,104,103,94,99,15
Jay Jackson,4,26,18,38,27,33,36,29,24,25,5,15,9,21,21,8,18,27
Yefry Ramirez,25,73,27,0,73,55,90
Aaron Bummer,22,26,17,19,24,7,11,9,15,33,29,29,15,4,25,3,17,15,21,15,26,20,24,20,30,27,14,9,23,19,10,15,12,12,8,18,23,15,26,27,23,18,16,8,23,26,9,16
Dan Jennings,18,19,17,19,16,5,15,25
Grant Dayton,4,6,9,14,16,23,26,19,16,12
Michael Feliz,39,14,19,14,33,29,23,12,23,10,18,22,49,22,18,29,20,3,16,23,3,19,11,28,23,18,16,11,11,19,7,15,11,2,21,25,18,11,26,28,12,10,21,13,16,4,16,13,14
Ty Blach,66,62,76,92,86,75
Griffin Canning,82,86,101,93,95,92,102,88,93,92,91,85,50,86,42,93,80,101
Evan Marshall,10,18,12,21,6,15,10,15,14,14,3,13,16,15,11,12,14,7,3,21,4,4,16,18,21,18,18,24,8,17,20,33,18,20,15,15,11,3,19,17,20,12,15,7,29,8
Thyago Vieira,26,22,44,25,30,22
Tom Murphy,17,14,11
Ryan O'Rourke,10,11
Cal Quantrill,87,86,102,98,80,93,28,33,33,14,72,90,77,86,79,102,108,108,96,90
Charlie Culberson,26,26
Mike Morin,36,12,7,3,20,6,17,17,5,7,8,13,30,1,4,31,13,16,18,3,7,5,23,15,24,21,4,34,10,14,11,11,18,19,5,11,14,25,16,10,23
Tyler Beede,65,56,61,94,101,95,97,95,84,100,103,89,105,86,77,80,80,91,88,72
Josh A. Smith,16,70,41,17,83,19,22,36,14,48,56,21,40,12
Jose Rondon,15
T.J. McFarland,8,14,11,39,49,24,41,45,44,9,33,15,38,39,12,12,24,15,6,11,13,24,4,34,13,21,28,2,14,14,14,14,15,17,39,11,25,4,14,1,12,9,3
Jake Barrett,22,48
Pat Venditte,24,39
Cody Reed,28,30,30
Derek Law,35,23,23,25,26,24,33,9,24,15,27,23,27,40,18,29,17,20,9,42,18,23,13,15,13,7,25,18,34,22,9,16,14,20,13,31,13,19,9,21,14,21,16,15,33,23,26,19
Tyler Lyons,34,15,21,12
Dovydas Neverauskas,13,9,39,21,19,19,41,18,8,25
Juan Minaya,30,23,44,32,29,9,36,15,11,27,5,15,23,23,18,23,44,5,18,9,15,24
Tyler Bashlor,23,23,17,18,18,21,7,16,8,18,14,11,15,15,17,5,16,25,28
Luke Maile,15,18
Luke Gregerson,12,30,15,14,14,19
Pablo Sandoval,10
Ryan Weber,55,14,63,93,82,33,12,59,47,27,16,32
Edgar Garcia,21,19,9,35,33,3,9,20,21,5,29,12,16,25,14,15,10,16,16,17,23,11,46,13,16,25,29,18,15,31
Eduardo Jimenez,14,36,15,15,19,16,22,52
Burch Smith,19,11,56,62,31,36,52
Tyler White,20,13,17,38
Williams Jerez,16,39,12,8,19,23
Ryan Carpenter,80,90,56,79,84,70,92,80,55
Clay Holmes,49,28,45,16,26,46,18,21,21,17,37,14,8,21,29,13,11,24,44,30,29,30,13,13,41,64,55
Montana DuRapau,23,13,11,3,36,27,8,28,20,7,71,15,48,32
Gregory Soto,88,47,72,75,64,24,41,37,40,51,47,18,9,61,38,38,24,14,26,13,14,15,13,10
Nick Ramirez,72,77,34,27,35,26,15,64,31,56,41,11,16,48,34,13,53,31,11,19,7,31,5,40,16,21,14,17,40,15,18,15,14,29,26,32,47,41
Xavier Cedeno,5,10,14,6,10
A.J. Cole,31,19,21,22,17,15,17,17,8,21,29,24,15,12,25,2,22,26,22,17,14,29,8,18,30
Nestor Cortes Jr.,49,76,72,16,49,75,57,82,58,18,22,24,20,73,54,14,2,44,50,36,33,7,53,34,29,49,35
Parker Markel,24,31,26,22,20,25,37,33,27,25,12
Corbin Martin,80,74,66,76,76
Cole Irvin,93,84,84,60,71,15,28,52
Daniel Mengden,100,95,99,87,65,93,85,95,96,86,93
Jimmie Sherfy,41,26,24,37,42,17
Edwin Jackson,77,88,66,77,82,83,38,41,94,93,108,88,70
Shaun Anderson,96,79,80,105,82,88,99,93,91,65,82,74,76,92,72,66,21,37,28
Brandon Dixon,16,12
Chris Owings,44
Sandy Baez,10
Hernan Perez,22,10,11
Ryan Feierabend,74,30
Carlos Martinez,12,9,8,19,9,21,11,10,29,12,12,30,30,30,41,6,13,15,9,21,21,27,19,15,11,12,15,12,18,6,12,21,22,5,35,7,13,17,10
Adam Plutko,83,87,85,107,89,34,93,77,103,102,87,92,103,85,107,81
Geoff Hartlieb,13,14,14,35,47,41,21,32,6,33,27,30,36,9,21,2,35,13,8,16,25,16,23
Ryan Garton,47,16
Chance Adams,54,66,88,26,44,34,25,79,24
Kyle McGowin,44,80,55,36,18,42,23
Tanner Rainey,13,33,19,16,15,27,16,9,18,17,7,6,17,25,18,20,23,20,14,21,14,13,12,21,10,21,10,23,7,33,16,13,19,36,19,13,18,20,21,16
David McKay,18,8,6,29,34,33,27,13,31,18,14,20,19,21,36,16
Andrew Suarez,97,82,33,22,21,29,31,26,4,30,30,4
David Hale,46,61,28,25,36,24,21,65,15,23,21,5,38,20,25,13,23,46,44
Tommy Milone,89,80,96,63,86,81,75,84,76,34,89,90,67,91,68,58,96,79,81
Anthony Bass,1,21,24,22,21,30,14,17,14,18,20,15,14,32,15,22,18,26,15,9,12,20,11,18,11,9,24,15,19,16,29,9,29,17,11
Jairo Diaz,25,15,24,9,25,5,6,14,18,9,11,10,24,16,11,15,17,18,27,4,25,8,22,15,15,9,5,20,19,29,8,1,23,24,12,20,28,13,11,15,13,23,13,21
Jimmy Cordero,15,7,7,28,46,3,17,10,17,20,28,18,28,11,23,13,22,10,58
Brady Rodgers,37,14,63
Clayton Richard,54,81,87,70,83,74,77,79,93,30
Rowan Wick,26,19,33,18,31,18,4,1,28,9,10,17,6,36,22,13,13,7,19,24,20,19,11,6
Jared Walsh,20,19,17,25
Matt Bowman,18,4,12,17,10,17,28,29,32,27,24,12,25,26,16,14,24,7,43,23
James Norwood,15
Hector Santiago,17,44,22,15,16,14,24,21,99,80,16,23,69,12
Zack Littell,25,77,25,12,20,19,12,25,18,10,11,13,16,5,25,33,1,14,17,9
Josh D. Smith,28,35,17,10,13,20,24,49
Rookie Davis,52,21,26,17,76
Oliver Drake,23,19,12,11,10,27,38,11,22,38,28,28,17,24,30,12,19,23,4,7,10,11,16,12,4,9,26,21,20,25,14,20,34,38,29,6,16,26
James Bourque,29
JD Hammer,19,15,14,13,11,17,13,16,15,13,26,12,5,25,16,14,15,22,22,35
Victor Caratini,20,10
Sam Coonrod,19,22,11,15,12,5,22,26,12,11,39,10,14,16,11,4,4,19,6,6,14,15,4
Andrew Heaney,85,92,107,99,80,101,104,85,103,74,90,108,99,97
Mitch Keller,85,71,93,94,93,91,99,26
Alex McRae,50,42,61,95,23,38
Jacob Waguespack,75,75,80,94,93,76,96,76,102,95,73,87
Brian Flynn,6,6,78,48,34,60,63,76,14,46,57,31
Lucas Sims,100,15,26,76,26,42,21,22,7,22,30,29,25,19,18,10,36,34
Elieser Hernandez,38,96,101,80,93,99,15,10,11,38,41,66,75,98,92,68,82,98
Zach Plesac,86,96,111,87,102,97,90,58,39,106,104,93,106,78,96,91,84
Justin Shafer,19,30,24,32,24,35,17,14,18,32,18,20,7,14,19,12,22,18,16,18,16,29,17,19,38,22
Devin Smeltzer,69,82,65,63,90,81,71
Stefan Crichton,1,4,15,12,17,46,19,36,14,14,12,26,28,26,29,10,2
Nick Tropeano,87,83,103
Wei-Chung Wang,23,14,8,45,11,14,18,36,30,5,1,35,17,14,30,50,32,3,15,40
Josh Taylor,18,15,16,15,36,29,32,15,22,10,22,18,13,12,21,28,13,17,11,13,14,20,19,21,3,12,41,26,13,20,30,8,4,11,22,11,13,12,14,11,24,31,4
Genesis Cabrera,53,95,38,8,16
Yacksel Rios,24,17,17,11
Jesus Tinoco,17,36,6,34,38,9,52,56,40,40,12,24,40,18,41,23,15
Chris Rusin,18,7
Jeff Brigham,8,18,22,48,36,28,54,22,8,35,45,14,2,14,39,15,29,28,15,16,15
Jose Suarez,88,87,81,90,91,69,91,80,84,91,69,82,92,76
Ty France,14,14
David Carpenter,17,16,17,19
Andrew Moore,78
Miguel Diaz,16,19,15,20,32
Nick Goody,28,34,16,19,30,18,28,12,16,21,17,18,7,24,15,10,17,20,17,13,8,28,18,21,19,22,25,14,17,15,25
Jimmy Nelson,65,72,94,47
Peter Lambert,95,83,69,98,93,81,90,99,90,88,74,74,91,77,88,56
Gerson Bautista,26,17,33,28,6,16,22,49
Mike Shawaryn,35,36,34,38,30,27,26,53
Cionel Perez,40,34,68,7
Colin Poche,24,18,12,14,15,34,2,18,7,15,22,5,29,13,10,3,35,36,30,4,8,18,14,19,4,27,14,31,28,16,27,14,17,26,11,38,15,15,11
Paul Blackburn,87
Joe Palumbo,66,56,45,40
Phillips Valdez,33,41,17,28,4,40,17,8,35,13,57
Ryan Eades,38,35,37
Tayler Scott,44,25,28,25,23,26,27,25,22,40,21
Carlos Torres,38,42,11,24
Peter Fairbanks,21,29,26,11,27,22,21,14,11,17,17
Ranger Suarez,75,28,21,14,26,24,4,6,17,29,17,56,22,11,25,24,14,27,36,15,21,36,10,17,20,16,19
Tanner Anderson,92,93,76,67,94
Odrisamer Despaigne,97,90,68
Phillip Diehl,31,16
Jordan Romano,13,10,24,40,16,18,23,17
Jordan Yamamoto,95,99,99,75,94,99,91,73,101,87,99,103,90
Luis Ortiz,80
Rogelio Armenteros,45,53,71,91,73
Dario Agrazal,59,99,91,87,93,78,55,86,23,100,85
Brooks Pounders,14,6,15,17,42,17,24
Sean Rodriguez,9,2
Huascar Ynoa,30,36
David Phelps,13,20,20,16,19,11,15,16,13,23,26,34,7,11,18,12,24,10,24,4,11,9,12,13,16,11,12,24,23,20
Andrew Kittredge,35,39,18,16,10,13,24,21,24,39,22,14,28,15,48,41,19,38,14,40,27,11,18,21,27,13,12,14
Logan Allen,90,89,83,20,59,17,36,16,40
Daniel Robertson,7
Stephen Nogosek,10,8,39,17,12,33,22
Sean Poppen,70,33,7,24
Zac Gallen,99,91,37,92,95,95,105,85,90,103,104,97
Walker Lockett,55,82,58,77
Adbert Alzolay,55,87,57
Josh Sborz,32,33
Dallas Keuchel,99,85,97,108,100,96,102,108,89,82,98,101,111,101
Sean Gilmartin,68
Aaron Civale,87,89,95,91,83,91,88
Jose Cisnero,39,10,8,34,23,33,29,17,14,26,13,15,12,20,45,26,10,29,16,28,23,12,8,17,11
Austin Voth,83,78,96,84,34
Brian Schlitter,24,30,12,8,52,24
Matt Carasiti,15,18,24,14,15,28,14,25,6,11,15
Fernando Salas,23,15,23
Tony Barnette,15,10
Locke St. John,11,21,35,21,33,6,22
Chi Chi Gonzalez,94,86,91,98,13,85,94,86,27,101
Steven Wright,18,40,15,21,21,17
Tony Gonsolin,77,49,90,72,76,92
Max Stassi,5
Cy Sneed,81,83,17,10,34,10
Craig Kimbrel,20,19,18,19,10,25,12,22,20,13,18,13,17,10,15,14,11,25,19,20,22
Alex Young,74,26,71,79,80,87,89,77,85,81,98,77
Tommy Hunter,14,15,18,12,13
Ross Detwiler,73,91,70,61,7,40,28,78,89,88,49,90,81,17,81
Mike Freeman,23
Brendan McKay,81,83,86,76,90,93,83,59
Chris Mazza,62,33,34,26,38,28
Lewis Thorpe,70,39,29,24,41,25,60
Daniel Descalso,14
Tom Eshelman,75,100,90,64,63,81,49,7,47,33
Trevor Kelley,33
Asher Wojciechowski,96,80,16,95,105,100,90,91,103,98,96,70,95
Jose Urquidy,81,60,98,88,86
Dylan Cease,101,108,99,98,104,101,98,95,95,61,106
Tyler Alexander,84,92,88,85,102,14,20,73
Dinelson Lamet,80,82,85,80,88,104,85,92,88,95
Deolis Guerra,17
Ray Black,18,34,16,21,22,19,13,13
Pedro Payano,11,78,88,88,70,82
Jimmy Herget,31,13,19
Ian Gibaut,35,34,20,31,36
Stevie Wilkerson,10,20,14,18
Andres Munoz,12,22,31,20,13,22,16,29,18,25,18,14,14,13,15,18,12,25,21
Luis Escobar,25,17,2,60
Joe Smith,8,10,10,8,9,2,11,18,13,18,12,4,11,17,11,12,18,6,5,26
Mark Reynolds,21
Roman Quinn,28,36
Alec Mills,81,76,66,80
Taylor Guerrieri,23,40,5,33,12,21,6,30,44,42,29,35,15,25
Sam Tuivailala,14,20,20,19,22,20,15,22,10,11,15,11,18,12,18
Ehire Adrianza,21
Chasen Shreve,11,13,18
Tim Federowicz,13
Adrian Morejon,27,9,40,46,32
Conner Menez,84,99,51,16
Ryan Borucki,94,61
Michael Brosseau,19,13,28
Nick Martini,16
Sam Howard,28,25,26,19,22,46,13,46,23
Michael Blazek,40,11,23,12
Michel Baez,18,17,30,23,24,18,23,25,38,41,18,16,18,20,21
Sal Romano,51,43,44,13
Cody Stashak,30,18,14,18,44,8,29,28,44
Rafael Montero,29,31,41,43,17,13,29,21,31,21,16,9,17
Jacob Stallings,7
Jose Osuna,24,7
Austin Romine,21
Josh Staumont,30,13,16,41,11,33,12,24,20,19,23
Jeremy Walker,7,13,21,65
Jose Rodriguez,16,57,26
Alex Wood,80,93,66,78,92,74,103
AJ Reed,12
Dillon Tate,41,36,26,41,22,18
Jose Peraza,4,11
JC Ramirez,16,39,8,30,14
Bryan Abreu,17
Sam Selman,27,13,9,26
Jandel Gustave,24,30,25,20,11,12,10,13,4,14,14,15,13,13
Jason Adam,19,17,26,32,32,13,18,17,6,18,26,24
Buddy Boshers,24,10,14,26,26,9,21,8,10,15,22,14,8,20,14,5,23
Danny Salazar,66
Zac Grotz,36,31,30,27,26,10
Reggie McClain,28,39,25,29,23,16,45,15
Dustin May,97,83,90,51,81,25
Brian Dozier,16
Gerardo Parra,25
Yennsy Diaz,33
Kyle Keller,40,43,16,22
Emmanuel Clase,25,13,19,12,17,13,21,26,20,17,10,5,15
Robert Dugger,85,106
Patrick Sandoval,96,95,74,74,84
Kevin Ginkel,10,30,11,8,28,21,18,9,13,16,12,5,12,16,12,20
Robby Scott,11,16,48,14
Matt Hall,7,47,37,28,16,54,52,23,15,37,7
Hector Noesi,88,108,80,81,55,4
Taylor Davis,12
Duane Underwood Jr.,29,14,10,18
Devin Williams,41,24,8,23,17,24,26,25
Kyle Farmer,12
Jose Castillo,17
John Schreiber,16,25,34
Kolby Allard,93,91,103,99,99
Randy Dobnak,68,53,17,19
Junior Fernandez,17,10,5,21,41,36
Alex Avila,12,13
Brady Lail,46
Joe Mantiply,52
Ian Kinsler,27
Chandler Shepherd,68
Adonis Rosa,32
Bryan Holaday,1
Jose De Leon,38,21
Mike Ford,42
Fernando Abad,9,7,12,26,2,4,9,11,7
Joel Kuhnel,20,30,22,3,14
Taylor Guilbeau,24,12,10,9,26,19,6,12
Hunter Harvey,21,20,20,33,23,9
Logan Webb,93,67,91
Miguel Del Pozo,6,12,14,14,5,13,12,16
Brock Burke,99,94,95
Hoby Milner,41,9,18
Richard Urena,28
Eric Yardley,12,41
Tim Melville,101,100,58
Joel Payamps,44,22
Jonathan Hernandez,43,44,22
A.J. Puk,11,7,31
Aaron Slegers,42
Luke Farrell,32,45
Eric Skoglund,83,96
Alex Gordon,38,24
Humberto Arteaga,23
Rico Garcia,83
Tyler Rogers,11,13,14,17
Keynan Middleton,14,18,18
Ricardo Pinto,37,8
Sean Manaea,82
James Hoyt,12,19
Brusdar Graterol,14
James Pazos,3,21
David Bednar,16,17
Bryan Garcia,13
Brent Suter,41
Ian Desmond,15
T.J. Zeuch,73
Ronald Bolanos,88
