Date,Game,Inning,Pitcher,Hand,Batter,Stand,AB_ID,Result,AB_Total,AB_Count,Pfx_ID,Play_ID,Balls,Strikes,Outs,Code,Pdes,Type,Zone,Con,SZ_Top,SZ_Bot,Start_Speed,End_Speed,Nasty_Factor,X0,Y0,Z0,PX,PZ,PfxX,PfxZ,VX0,VY0,VZ0,AX,AY,AZ,Break_Angle,Break_Length,Break_Y,Spin_Rate,Spin_Direction,Runner 1B,Runner 2B,Runner 3B,End 1B,End 2B,End 3B,Runs,Outs On Play,Run Diff,Half
2019-06-12,564963,7,605447,R,600474,R,59,Strikeout,6,1,190613_015322,59b79e6d-e93b-4855-ac60-f5492d6bde1d,0,0,0,B,Ball,FF,13,2.0,3.12,1.59,95.8,87.6,,-2.07,50.0,5.44,-0.67,1.17,-5.12,10.86,5.68,-139.48,-9.76,-10.05,32.18,-10.84,33.6,3.6,24.0,2295,204,,,,,,,0,1,6,bottom
2019-06-12,564963,7,605447,R,600474,R,59,Strikeout,6,2,190613_015340,eec6d221-b2f0-40de-bcea-12ce334809fd,1,0,0,S,Swinging Strike,SL,14,2.0,3.27,1.59,87.6,81.1,,-2.17,50.0,5.61,0.66,1.49,1.17,1.21,6.77,-127.56,-4.41,1.93,25.1,-30.17,6.0,7.2,24.0,2160,112,,,,,,,0,1,6,bottom
2019-06-12,564963,7,605447,R,600474,R,59,Strikeout,6,3,190613_015358,430e926c-c4ad-4b47-af7d-b52ba959a62f,1,1,0,B,Ball,SL,14,2.0,3.4,1.59,86.6,79.9,,-1.93,50.0,5.69,0.23,0.92,1.94,-0.27,4.74,-126.18,-5.31,3.12,26.34,-32.61,7.2,8.4,24.0,2132,71,,,,,,,0,1,6,bottom
2019-06-12,564963,7,605447,R,600474,R,59,Strikeout,6,4,190613_015412,adddee29-c41d-41bf-aa77-9ced80c91dfd,2,1,0,B,Ball,FF,12,2.0,3.31,1.59,95.9,87.6,,-1.88,50.0,5.54,1.06,2.83,-1.87,9.94,8.74,-139.68,-5.18,-3.69,32.35,-12.59,7.2,2.4,24.0,2315,185,,,,,,,0,1,6,bottom
2019-06-12,564963,7,605447,R,600474,R,59,Strikeout,6,5,190613_015428,f49b91c6-447d-4547-93f5-a193d95c5b7d,3,2,0,F,Foul,FF,1,2.0,3.25,1.59,95.2,87.6,,-2.05,50.0,5.48,-0.49,3.1,-2.55,9.55,5.18,-138.91,-4.09,-5.01,29.81,-13.42,15.6,3.6,24.0,2292,192,,,,,,,0,1,6,bottom
2019-06-12,564963,7,605447,R,600474,R,59,Strikeout,6,6,190613_015450,e1edcc82-bc94-49d0-8639-66cf359b8f78,3,3,0,C,Called Strike,SL,8,2.0,3.4,1.59,87.8,81.8,,-2.22,50.0,5.57,-0.1,1.61,3.05,-1.47,4.35,-127.97,-3.22,5.12,23.68,-34.64,9.6,8.4,24.0,2140,64,,,,,,,0,1,6,bottom
2019-06-12,564963,7,605447,R,547004,L,60,Strikeout,3,1,190613_015524,03eb2259-383e-4bfa-9b42-b412433c92ce,0,1,1,F,Foul,FF,5,2.0,3.37,1.64,97.0,88.8,,-2.05,50.0,5.52,-0.05,2.67,-6.07,9.56,7.79,-141.3,-5.66,-12.27,32.04,-12.84,37.2,3.6,24.0,2326,209,,,,,,,0,1,6,bottom
2019-06-12,564963,7,605447,R,547004,L,60,Strikeout,3,2,190613_015541,50489439-3dc7-49d3-8cd2-87499388dc82,0,1,1,S,Swinging Strike,FF,5,2.0,3.31,1.64,99.1,90.7,,-2.1,50.0,5.61,-0.14,2.33,-4.39,9.9,7.21,-144.28,-7.36,-9.26,33.65,-11.31,30.0,2.4,24.0,2484,201,,,,,,,0,1,6,bottom
2019-06-12,564963,7,605447,R,547004,L,60,Strikeout,3,3,190613_015606,0b9f4e82-a0d1-47cb-b7c9-b339247c1c66,0,3,1,W,Swinging Strike (Blocked),SL,13,2.0,3.39,1.64,88.6,82.5,,-1.89,50.0,5.77,-0.09,0.66,1.22,-0.95,4.18,-129.13,-6.46,2.07,25.14,-33.79,4.8,8.4,24.0,1952,47,,,,,,,0,1,6,bottom
2019-06-12,564963,7,605447,R,593643,R,61,Groundout,4,1,190613_015635,af650102-b634-4a06-92e7-b30f83aa9f48,0,0,2,B,Ball,SL,13,2.0,3.36,1.61,86.3,79.8,,-2.14,50.0,5.58,-1.37,0.87,2.03,-2.25,1.24,-125.91,-4.5,3.25,25.98,-35.77,4.8,9.6,24.0,,38,,,,,,,0,1,6,bottom
2019-06-12,564963,7,605447,R,593643,R,61,Groundout,4,2,190613_015651,45aaede9-1520-498b-9922-a330dbef7cb5,1,1,2,F,Foul,FF,1,2.0,3.42,1.61,97.7,89.2,,-1.94,50.0,5.54,-0.47,2.86,-5.22,9.59,6.03,-142.29,-5.31,-10.69,33.1,-12.54,33.6,3.6,24.0,2324,206,,,,,,,0,1,6,bottom
2019-06-12,564963,7,605447,R,593643,R,61,Groundout,4,3,190613_015709,46b47cf9-1380-4cfc-bba3-f47fa07b81d1,1,1,2,B,Ball,FF,14,2.0,3.45,1.61,96.2,88.9,,-1.65,50.0,5.73,0.87,2.3,-3.72,10.57,8.33,-140.11,-7.56,-7.45,28.91,-10.96,25.2,2.4,24.0,2306,196,,,,,,,0,1,6,bottom
2019-06-12,564963,7,605447,R,593643,R,61,Groundout,4,4,190613_015728,ca6fd54a-229a-48a5-b2a0-e2c032760196,2,1,2,X,In play- out(s),SL,14,2.0,3.24,1.61,88.0,82.2,,-1.97,50.0,5.67,0.0,1.54,2.72,-0.57,4.13,-128.42,-4.02,4.6,23.52,-33.14,8.4,8.4,24.0,,74,,,,,,,0,1,6,bottom
2019-06-15,565642,8,605447,R,608686,R,63,Lineout,3,1,190615_222621,1c7691bc-2a42-4f0f-a83b-6e6c6481a03a,0,0,0,B,Ball,FF,13,2.0,3.02,1.56,95.8,87.4,,-2.01,50.0,5.53,-1.3,1.45,-5.98,9.06,4.09,-139.48,-8.59,-11.72,32.93,-14.41,33.6,3.6,24.0,2317,214,,,,,,,0,1,-5,bottom
2019-06-15,565642,8,605447,R,608686,R,63,Lineout,3,2,190615_222640,e8633f55-6728-4ed2-b55b-59791063b2eb,1,1,0,F,Foul,FF,11,2.0,3.21,1.56,97.1,88.5,,-2.27,50.0,5.67,-0.95,2.5,-6.35,8.67,5.98,-141.47,-6.2,-12.8,33.8,-14.69,34.8,3.6,24.0,2388,215,,,,,,,0,1,-5,bottom
2019-06-15,565642,8,605447,R,608686,R,63,Lineout,3,3,190615_222702,92552cf2-f3cd-404d-b438-32137c2934c5,1,1,0,X,In play- out(s),FF,13,2.0,3.3,1.5,96.1,87.9,,-2.05,50.0,5.64,-0.93,1.92,-5.73,9.02,5.15,-139.98,-7.67,-11.34,32.5,-14.33,32.4,3.6,24.0,2153,211,,,,,,,0,1,-5,bottom
2019-06-15,565642,8,605447,R,596117,L,64,Strikeout,5,1,190615_222735,56e9f0dc-df85-4624-9594-d7a37dbc818a,0,0,1,B,Ball,FF,11,2.0,2.98,1.5,95.9,88.2,,-2.1,50.0,5.78,-1.37,3.25,-4.14,8.41,3.49,-139.97,-4.2,-8.25,30.31,-15.42,25.2,3.6,24.0,1941,205,,,,,,,0,1,-5,bottom
2019-06-15,565642,8,605447,R,596117,L,64,Strikeout,5,2,190615_222749,4ba049b1-f9eb-46a5-9f76-cddbd4af3740,1,0,1,B,Ball,SL,11,2.0,3.1,1.32,85.5,79.1,,-2.32,50.0,5.94,-1.91,2.57,2.94,-2.68,0.09,-124.69,-0.92,4.65,24.17,-36.41,7.2,9.6,24.0,,47,,,,,,,0,1,-5,bottom
2019-06-15,565642,8,605447,R,596117,L,64,Strikeout,5,3,190615_222804,91281da6-9ee5-4472-a100-39f53b98260e,2,1,1,F,Foul,FF,6,2.0,3.3,1.5,96.3,88.6,,-2.07,50.0,5.67,0.26,2.18,-5.18,8.81,8.31,-140.2,-7.04,-10.35,30.39,-14.56,27.6,3.6,24.0,2192,207,,,,,,,0,1,-5,bottom
2019-06-15,565642,8,605447,R,596117,L,64,Strikeout,5,4,190615_222828,cab45e36-79e2-4ea0-99b1-66c78b714073,2,1,1,S,Swinging Strike,FF,11,2.0,3.3,1.5,94.2,85.8,,-2.12,50.0,5.69,-0.32,3.84,-3.25,9.43,6.02,-137.33,-2.35,-6.17,31.99,-14.26,18.0,3.6,24.0,2195,195,,,,,,,0,1,-5,bottom
2019-06-15,565642,8,605447,R,596117,L,64,Strikeout,5,5,190615_222849,2337b488-5652-4961-a1ed-57984893e162,2,3,1,T,Foul Tip,FF,11,2.0,3.3,1.5,96.6,87.8,,-1.9,50.0,5.85,-0.24,3.47,-2.18,9.02,5.39,-140.87,-4.03,-4.34,34.72,-14.21,10.8,3.6,24.0,2278,189,,,,,,,0,1,-5,bottom
2019-06-15,565642,8,605447,R,664702,R,65,Groundout,2,1,190615_222921,ed16be62-575a-4652-95c4-835893d1914b,0,0,2,B,Ball,FF,14,2.0,3.34,1.54,96.6,88.1,,-1.94,50.0,5.61,0.91,1.99,-4.81,8.69,9.61,-140.48,-7.33,-9.57,33.39,-14.9,24.0,3.6,24.0,2217,204,,,,,,,0,1,-5,bottom
2019-06-15,565642,8,605447,R,664702,R,65,Groundout,2,2,190615_222942,9ce13ecf-b538-4362-80d9-8ab369eafd19,1,0,2,X,In play- out(s),FF,2,2.0,3.22,1.56,95.9,87.2,,-2.1,50.0,5.69,0.09,3.21,-4.42,8.92,7.61,-139.6,-4.14,-8.66,33.25,-14.68,24.0,3.6,24.0,2175,202,,,,,,,0,1,-5,bottom
2019-06-19,566900,7,605447,R,600303,L,63,Grounded Into DP,2,1,190620_014920,d8d7a1a7-8e35-4a0c-80fe-8e4e325b53e4,0,1,1,C,Called Strike,FF,8,2.0,3.31,1.63,95.3,87.3,,-2.21,50.0,5.38,-0.02,1.69,-4.58,10.17,7.61,-138.74,-7.85,-8.92,31.1,-12.36,27.6,3.6,24.0,2355,201,650859,518960,,,,,0,2,-4,top
2019-06-19,566900,7,605447,R,600303,L,63,Grounded Into DP,2,2,190620_014947,2e2f2565-6a68-44d6-b170-a71b2a592a3a,0,1,1,X,In play- out(s),SL,4,2.0,3.23,1.57,86.5,79.8,,-2.21,50.0,5.73,-0.46,2.48,1.63,-1.51,3.82,-126.09,-1.13,2.63,25.15,-34.61,6.0,8.4,24.0,,53,650859,518960,,,,,0,2,-4,top
2019-06-19,566900,8,605447,R,545361,R,69,Strikeout,6,1,190620_020823,412c276a-2aa6-4edb-ac1a-524d55283ad9,0,1,0,C,Called Strike,SL,4,2.0,3.27,1.62,83.7,76.9,,-2.18,50.0,5.66,-0.65,2.67,2.12,-0.87,3.01,-122.02,-0.24,3.18,24.43,-33.49,6.0,9.6,24.0,,72,,,,,,,0,1,-4,top
2019-06-19,566900,8,605447,R,545361,R,69,Strikeout,6,2,190620_020837,1d1edb4c-ad93-40e0-bea3-2cfc388c2244,0,1,0,B,Ball,FF,11,2.0,3.47,1.71,95.2,87.2,,-1.88,50.0,5.72,-0.75,3.57,-4.92,8.02,4.86,-138.79,-2.88,-9.61,30.86,-16.52,26.4,3.6,24.0,2344,209,,,,,,,0,1,-4,top
2019-06-19,566900,8,605447,R,545361,R,69,Strikeout,6,3,190620_020851,352f35fe-4d02-4a50-83e8-130b5f26f942,1,2,0,F,Foul,FF,4,2.0,3.47,1.64,95.9,87.6,,-1.98,50.0,5.64,-0.43,2.35,-4.17,9.64,5.77,-139.75,-6.69,-8.21,32.71,-13.18,25.2,3.6,24.0,2335,201,,,,,,,0,1,-4,top
2019-06-19,566900,8,605447,R,545361,R,69,Strikeout,6,4,190620_020914,cd061494-b85b-48c5-92d2-046cb0ec6a26,1,2,0,B,Ball,FF,12,2.0,3.41,1.72,96.1,88.3,,-1.62,50.0,5.72,1.28,2.61,-2.88,10.09,9.05,-139.83,-6.42,-5.72,30.27,-12.11,15.6,2.4,24.0,2212,191,,,,,,,0,1,-4,top
2019-06-19,566900,8,605447,R,545361,R,69,Strikeout,6,5,190620_020930,d7ab6b64-e1e7-43fa-a2d3-e9605fe1389e,2,2,0,B,Ball,FF,11,2.0,3.4,1.65,95.9,88.2,,-2.17,50.0,5.7,-0.9,3.88,-3.33,6.97,4.73,-139.97,-1.75,-6.63,30.06,-18.27,16.8,3.6,24.0,2165,202,,,,,,,0,1,-4,top
2019-06-19,566900,8,605447,R,545361,R,69,Strikeout,6,6,190620_020947,aa92d2d8-2a46-4472-b122-8b9732aec221,3,3,0,C,Called Strike,FF,1,2.0,3.4,1.62,94.2,86.8,,-1.95,50.0,5.55,-0.52,3.25,-4.18,7.18,5.37,-137.4,-2.88,-8.04,28.58,-18.35,20.4,4.8,24.0,2071,207,,,,,,,0,1,-4,top
2019-06-19,566900,8,605447,R,660271,L,70,Strikeout,4,1,190620_021020,39e71f7b-0f3b-464e-9ac9-018e15ddf3f4,0,0,1,B,Ball,FF,13,2.0,3.36,1.58,94.6,87.1,,-1.88,50.0,5.44,-0.01,1.01,-4.28,8.7,6.62,-137.66,-9.23,-8.24,29.37,-15.41,21.6,3.6,24.0,2264,204,,,,,,,0,1,-4,top
2019-06-19,566900,8,605447,R,660271,L,70,Strikeout,4,2,190620_021034,22bc8fe1-ed42-49d9-ab0b-ff13d2f3ba6e,1,1,1,C,Called Strike,FF,8,2.0,3.34,1.59,95.4,87.5,,-2.05,50.0,5.48,-0.08,1.73,-4.75,9.8,7.11,-138.82,-7.92,-9.28,30.44,-13.01,27.6,3.6,24.0,2303,203,,,,,,,0,1,-4,top
2019-06-19,566900,8,605447,R,660271,L,70,Strikeout,4,3,190620_021051,1ccd349d-7d03-4271-ba90-91a9f735e345,1,2,1,F,Foul,FF,8,2.0,3.37,1.57,95.6,87.5,,-2.1,50.0,5.47,-0.24,1.97,-5.12,9.78,6.94,-139.11,-7.24,-10.04,31.3,-13.02,30.0,3.6,24.0,2271,205,,,,,,,0,1,-4,top
2019-06-19,566900,8,605447,R,660271,L,70,Strikeout,4,4,190620_021109,e3978a71-b4fa-4988-98d0-b6d07b312306,1,2,1,S,Swinging Strike,SL,14,2.0,3.31,1.56,88.4,82.7,,-1.97,50.0,5.75,0.17,0.73,1.84,-0.8,4.87,-128.79,-6.26,3.13,23.55,-33.54,6.0,8.4,24.0,2106,59,,,,,,,0,1,-4,top
2019-06-19,566900,8,605447,R,457708,R,71,Home Run,6,1,190620_021140,5a1d0b11-ac70-4e82-999e-6a582200734d,0,1,2,C,Called Strike,SL,4,2.0,3.35,1.63,85.3,79.0,,-1.93,50.0,5.74,-0.48,2.4,2.68,-2.35,2.71,-124.38,-0.93,4.22,23.58,-35.88,7.2,9.6,24.0,,52,,,,,,,1,0,-4,top
2019-06-19,566900,8,605447,R,457708,R,71,Home Run,6,2,190620_021158,dce0b68d-1768-4ce1-a404-8e5a81033c0a,0,1,2,S,Swinging Strike,SL,14,2.0,3.37,1.63,86.7,80.7,,-1.75,50.0,5.72,0.67,1.31,1.72,-2.49,5.49,-126.41,-3.8,2.8,24.12,-36.22,6.0,9.6,24.0,,39,,,,,,,1,0,-4,top
2019-06-19,566900,8,605447,R,457708,R,71,Home Run,6,3,190620_021217,b704f8f2-487c-4a5b-962b-ab1f9da5c935,0,2,2,B,Ball,FF,12,2.0,3.37,1.63,95.8,88.2,,-1.47,50.0,5.81,1.06,3.4,-1.74,9.46,7.6,-139.66,-4.23,-3.45,29.64,-13.38,7.2,2.4,24.0,2332,185,,,,,,,1,0,-4,top
2019-06-19,566900,8,605447,R,457708,R,71,Home Run,6,4,190620_021237,b0b49217-0ba9-4f12-a79b-b3831ad0d255,1,2,2,B,Ball,FF,12,2.0,3.35,1.63,95.5,88.2,,-1.42,50.0,5.71,1.95,2.55,-2.37,8.78,10.13,-139.03,-6.01,-4.67,28.87,-14.86,9.6,3.6,24.0,2293,188,,,,,,,1,0,-4,top
2019-06-19,566900,8,605447,R,457708,R,71,Home Run,6,5,190620_021257,01324809-fbd9-43f7-8890-883648dd40d5,2,2,2,F,Foul,SL,13,2.0,3.31,1.62,86.0,79.6,,-2.13,50.0,5.72,-0.86,1.68,2.9,-2.94,2.21,-125.45,-2.57,4.63,25.09,-36.86,7.2,9.6,24.0,,45,,,,,,,1,0,-4,top
2019-06-19,566900,8,605447,R,457708,R,71,Home Run,6,6,190620_021331,b5cf581c-e8d9-4a32-9da8-88ce78da5580,2,2,2,E,In play- run(s),FF,8,2.0,3.37,1.63,95.3,87.3,,-1.77,50.0,5.53,0.08,2.03,-3.72,9.92,6.38,-138.97,-7.26,-7.26,31.45,-12.8,21.6,3.6,24.0,2358,198,,,,,,,1,0,-4,top
2019-06-19,566900,8,605447,R,594777,L,72,Strikeout,6,1,190620_021425,8b5a55e4-5cff-475a-8d0a-2ef1e0a075c6,0,0,2,B,Ball,FF,11,2.0,3.06,1.45,95.0,87.1,,-2.12,50.0,5.48,-2.54,2.59,-4.88,8.05,0.59,-138.52,-4.89,-9.48,30.89,-16.52,27.6,3.6,24.0,2271,212,,,,,,,0,1,-5,top
2019-06-19,566900,8,605447,R,594777,L,72,Strikeout,6,2,190620_021444,fc2004bb-7508-44f0-b49c-d9f88b210ecc,1,0,2,B,Ball,SL,13,2.0,3.05,1.46,85.9,79.6,,-2.14,50.0,5.64,-1.32,1.42,2.41,-3.13,1.26,-125.36,-2.94,3.84,24.77,-37.17,6.0,9.6,24.0,,37,,,,,,,0,1,-5,top
2019-06-19,566900,8,605447,R,594777,L,72,Strikeout,6,3,190620_021503,d6263b86-87ba-42d2-8e88-9b1a2d20c0cc,2,1,2,C,Called Strike,FF,7,2.0,3.02,1.43,95.1,87.3,,-2.0,50.0,5.42,-0.37,1.77,-4.31,9.44,5.99,-138.58,-7.44,-8.4,30.72,-13.79,25.2,3.6,24.0,2314,202,,,,,,,0,1,-5,top
2019-06-19,566900,8,605447,R,594777,L,72,Strikeout,6,4,190620_021522,4d2d1d28-42d6-44a0-8552-cc17c8e6db1d,2,1,2,S,Swinging Strike,SL,13,2.0,2.98,1.39,83.9,77.9,,-1.74,50.0,5.61,-0.26,0.85,2.45,-2.35,2.82,-122.32,-4.11,3.72,23.67,-35.74,6.0,9.6,24.0,2192,45,,,,,,,0,1,-5,top
2019-06-19,566900,8,605447,R,594777,L,72,Strikeout,6,5,190620_021545,155510aa-6db0-48f5-bb93-653f72a28f62,2,2,2,F,Foul,SL,7,2.0,2.95,1.39,85.7,79.2,,-2.02,50.0,5.75,-0.44,1.64,2.22,-3.56,3.17,-124.94,-2.46,3.5,25.35,-37.8,6.0,9.6,24.0,,35,,,,,,,0,1,-5,top
2019-06-19,566900,8,605447,R,594777,L,72,Strikeout,6,6,190620_021610,79156044-a889-4888-8863-d3ecb9f8cf0e,2,2,2,S,Swinging Strike,SL,13,2.0,2.95,1.39,85.4,79.5,,-2.09,50.0,5.56,-0.38,0.92,3.61,-1.17,3.07,-124.66,-4.56,5.72,23.79,-34.03,9.6,9.6,24.0,2330,67,,,,,,,0,1,-5,top
2019-06-21,565061,9,605447,R,643217,L,78,Strikeout,3,1,190622_023331,c389ddc3-e459-4f98-8a2e-d1ff48ce9588,0,1,0,C,Called Strike,SL,7,2.0,3.59,1.61,84.8,79.7,,-2.09,50.0,5.79,-0.46,1.85,2.78,-0.86,3.12,-123.86,-2.9,4.39,20.27,-33.54,8.4,8.4,24.0,,71,,,,,,,0,1,0,bottom
2019-06-21,565061,9,605447,R,643217,L,78,Strikeout,3,2,190622_023345,7f988c52-175b-4a7c-88e0-f39101ce1738,0,2,0,F,Foul,FF,7,2.0,3.36,1.58,96.7,89.6,,-1.75,50.0,5.72,-0.26,1.87,-3.78,10.17,5.54,-140.92,-8.71,-7.7,28.49,-11.49,26.4,2.4,24.0,2321,199,,,,,,,0,1,0,bottom
2019-06-21,565061,9,605447,R,643217,L,78,Strikeout,3,3,190622_023404,a3f0ceb5-a313-4e3c-b5a0-0852c5fa00f0,0,3,0,T,Foul Tip,FF,11,2.0,3.36,1.58,96.7,89.0,,-1.71,50.0,5.81,-1.19,2.47,-4.14,9.14,2.95,-141.04,-6.87,-8.37,30.96,-13.68,27.6,3.6,24.0,2329,204,,,,,,,0,1,0,bottom
2019-06-21,565061,9,605447,R,593428,R,79,Walk,5,1,190622_023455,e8f4c6cc-16b3-454b-9542-17c15c5a368b,0,0,1,B,Ball,SL,14,2.0,3.5,1.51,86.8,80.8,,-1.85,50.0,5.79,0.43,0.86,2.68,-0.38,4.83,-126.44,-5.82,4.37,23.96,-32.79,8.4,8.4,24.0,,73,,,,593428,,,0,0,0,bottom
2019-06-21,565061,9,605447,R,593428,R,79,Walk,5,2,190622_023513,11535808-e98e-4b46-b0ec-b968d529b1f2,1,1,1,C,Called Strike,SL,5,2.0,3.5,1.6,86.6,80.5,,-2.02,50.0,5.75,-0.13,2.39,2.7,-1.17,3.86,-126.38,-1.62,4.4,23.72,-34.09,8.4,8.4,24.0,2088,68,,,,593428,,,0,0,0,bottom
2019-06-21,565061,9,605447,R,593428,R,79,Walk,5,3,190622_023530,8f6a7854-d48d-42c8-9268-646527f03712,1,1,1,B,Ball,FF,14,2.0,3.45,1.6,96.8,88.9,,-1.66,50.0,5.62,0.36,0.54,-5.97,10.2,7.78,-140.61,-12.01,-11.97,31.33,-11.71,36.0,3.6,24.0,2360,209,,,,593428,,,0,0,0,bottom
2019-06-21,565061,9,605447,R,593428,R,79,Walk,5,4,190622_023555,276c9de6-0c15-4a18-bf68-d4a4a45ebf60,2,1,1,B,Ball,FF,12,2.0,3.5,1.57,94.1,86.4,,-1.89,50.0,5.63,0.04,3.95,-2.55,10.11,6.15,-137.29,-2.19,-4.88,29.46,-12.82,15.6,2.4,24.0,2237,190,,,,593428,,,0,0,0,bottom
2019-06-21,565061,9,605447,R,593428,R,79,Walk,5,5,190622_023623,3f95408b-841b-4519-95c3-67f2ad75b586,3,1,1,B,Ball,FF,12,2.0,3.6,1.6,94.8,87.3,,-1.98,50.0,5.68,1.03,3.14,-4.11,9.41,9.67,-138.13,-4.39,-7.98,29.07,-13.89,21.6,3.6,24.0,2276,198,,,,593428,,,0,0,0,bottom
2019-06-21,565061,9,605447,R,502110,R,80,Strikeout,4,1,190622_023707,28ec6e81-c82b-49dd-bb5a-b847797b4a50,0,1,1,F,Foul,FF,5,2.0,3.61,1.7,93.9,86.2,,-2.23,50.0,5.57,-0.16,2.55,-3.98,9.96,7.02,-136.78,-5.7,-7.56,29.26,-13.24,22.8,3.6,24.0,2298,198,593428,,,593428,,,0,1,0,bottom
2019-06-21,565061,9,605447,R,502110,R,80,Strikeout,4,2,190622_023737,10178684-2b0b-42be-b617-b4cc79176bb2,0,1,1,B,Ball,FF,11,2.0,3.68,1.7,93.4,85.8,,-2.08,50.0,5.79,-0.83,4.59,-5.17,9.11,5.18,-136.33,-0.45,-9.77,28.74,-14.96,30.0,3.6,24.0,2282,206,593428,,,593428,,,0,1,0,bottom
2019-06-21,565061,9,605447,R,502110,R,80,Strikeout,4,3,190622_023809,83886bfc-4c56-40eb-aeb8-b7af3346da43,1,2,1,F,Foul,FF,11,2.0,3.61,1.7,94.2,86.6,,-1.99,50.0,5.57,-1.03,2.76,-4.61,10.04,4.23,-137.45,-5.27,-8.84,29.47,-12.9,30.0,3.6,24.0,2252,203,593428,,,593428,,,0,1,0,bottom
2019-06-21,565061,9,605447,R,502110,R,80,Strikeout,4,4,190622_023839,cd793b80-ac78-43a3-ba8d-059493a5b8b3,1,2,1,S,Swinging Strike,FF,11,2.0,3.61,1.7,95.6,88.0,,-2.0,50.0,5.78,-0.72,3.76,-4.52,9.7,5.14,-139.38,-3.25,-8.96,29.08,-12.95,30.0,3.6,24.0,2354,202,593428,,,593428,,,0,1,0,bottom
2019-06-21,565061,9,605447,R,571788,L,81,Strikeout,10,1,190622_023936,474bcfe0-b905-4636-a3e4-ef14a63358c9,0,1,2,T,Foul Tip,FF,1,2.0,3.21,1.52,94.4,87.3,,-2.14,50.0,5.59,-0.45,2.79,-5.2,8.33,6.46,-137.7,-4.7,-10.08,27.68,-16.02,27.6,3.6,24.0,2305,209,593428,,,,,,0,1,0,bottom
2019-06-21,565061,9,605447,R,571788,L,81,Strikeout,10,2,190622_024011,d7a86784-0f88-461e-8a67-ff0d0c619e3d,0,2,2,F,Foul,FF,4,2.0,3.21,1.52,96.0,89.0,,-1.9,50.0,5.66,-0.39,2.36,-4.65,8.81,5.87,-139.92,-6.58,-9.34,27.56,-14.47,27.6,3.6,24.0,2312,206,593428,,,,,,0,1,0,bottom
2019-06-21,565061,9,605447,R,571788,L,81,Strikeout,10,3,190622_024043,d40ff0f7-adea-4014-ab49-23b4518cc998,0,2,2,B,Ball,FF,11,2.0,3.22,1.52,93.6,86.0,,-1.99,50.0,5.79,-1.04,3.28,-3.8,9.46,3.92,-136.53,-4.13,-7.2,29.16,-14.26,22.8,3.6,24.0,2137,200,593428,,,,,,0,1,0,bottom
2019-06-21,565061,9,605447,R,571788,L,81,Strikeout,10,4,190622_024105,03b77d07-a6e1-460f-94fa-9725c1b2cfc5,1,2,2,F,Foul,SL,13,2.0,3.21,1.52,86.5,80.6,,-2.02,50.0,5.83,-0.75,1.05,0.81,-0.68,2.92,-126.04,-5.27,1.31,23.28,-33.29,2.4,8.4,24.0,,44,593428,,,,,,0,1,0,bottom
2019-06-21,565061,9,605447,R,571788,L,81,Strikeout,10,5,190622_024138,26d224c1-a187-4c9b-a22d-3c1019f3c9b6,1,2,2,B,Ball,FF,11,2.0,3.19,1.52,95.5,88.0,,-2.0,50.0,5.76,-2.27,3.38,-5.21,8.8,1.12,-139.38,-3.88,-10.31,29.51,-14.76,32.4,3.6,24.0,2266,210,593428,,,,,,0,1,0,bottom
2019-06-21,565061,9,605447,R,571788,L,81,Strikeout,10,6,190622_024205,105c4754-622e-42ec-b7e3-e501b64402cb,2,2,2,F,Foul,SL,13,2.0,3.21,1.52,85.4,79.4,,-2.2,50.0,5.75,-0.05,1.44,1.62,-1.23,4.78,-124.5,-3.7,2.55,23.48,-34.11,6.0,8.4,24.0,2152,54,593428,,,,,,0,1,0,bottom
2019-06-21,565061,9,605447,R,571788,L,81,Strikeout,10,7,190622_024237,62a3345e-31a0-493a-9ea2-4fe179510ab7,2,2,2,F,Foul,SL,13,2.0,3.21,1.52,85.0,78.6,,-2.14,50.0,5.8,-1.03,1.94,1.47,-1.84,2.25,-123.86,-2.31,2.29,24.0,-35.04,4.8,9.6,24.0,,41,593428,,,,,,0,1,0,bottom
2019-06-21,565061,9,605447,R,571788,L,81,Strikeout,10,8,190622_024312,b2b5c5c6-dbbc-4bb7-a75a-e4305cdf1950,2,2,2,F,Foul,FF,3,2.0,3.21,1.52,93.7,86.2,,-1.93,50.0,5.64,0.4,2.83,-2.58,8.67,7.19,-136.59,-4.67,-4.89,28.78,-15.73,12.0,3.6,24.0,2146,192,593428,,,,,,0,1,0,bottom
2019-06-21,565061,9,605447,R,571788,L,81,Strikeout,10,9,190622_024351,708cd64c-8cf5-4f98-ba7a-cfba20a6dbc3,2,2,2,S,Swinging Strike,FF,11,2.0,3.21,1.52,93.8,86.4,,-2.07,50.0,5.68,-1.16,3.1,-4.58,8.14,4.07,-136.86,-3.9,-8.74,28.52,-16.63,24.0,3.6,24.0,2074,207,593428,,,,,,0,1,0,bottom
2019-06-21,565061,10,605447,R,656308,R,87,Strikeout,4,1,190622_025954,7c7ff48e-34e6-4a3e-a169-74cf8aa3e53b,0,0,0,B,Ball,FF,11,2.0,3.29,1.5,94.7,87.5,,-1.95,50.0,5.65,-1.17,2.63,-5.26,9.84,4.01,-138.18,-5.92,-10.26,28.16,-12.98,33.6,3.6,24.0,2397,207,,,,,,,0,1,0,bottom
2019-06-21,565061,10,605447,R,656308,R,87,Strikeout,4,2,190622_030007,9dc24d88-a05f-429b-ac49-82ba5187daf0,1,0,0,S,Swinging Strike,FF,12,2.0,3.35,1.57,94.7,87.5,,-1.88,50.0,5.74,0.48,3.47,-5.22,9.21,8.33,-137.97,-3.59,-10.17,27.58,-14.22,30.0,3.6,24.0,2349,206,,,,,,,0,1,0,bottom
2019-06-21,565061,10,605447,R,656308,R,87,Strikeout,4,3,190622_030024,830a579d-eb99-4eb9-8158-b69845f87825,1,1,0,S,Swinging Strike,FF,3,2.0,3.35,1.57,93.2,86.1,,-1.77,50.0,5.74,0.36,3.08,-4.82,9.31,7.43,-135.78,-4.45,-9.08,26.94,-14.61,26.4,3.6,24.0,2262,204,,,,,,,0,1,0,bottom
2019-06-21,565061,10,605447,R,656308,R,87,Strikeout,4,4,190622_030043,42e2991b-71e5-45a8-942d-57dbf71fe475,1,2,0,S,Swinging Strike,SL,14,2.0,3.35,1.57,86.2,80.6,,-1.63,50.0,5.96,1.41,1.62,0.29,-0.47,7.5,-125.55,-4.19,0.47,22.21,-32.93,2.4,8.4,24.0,1358,53,,,,,,,0,1,0,bottom
2019-06-21,565061,10,605447,R,598265,L,88,Strikeout,5,1,190622_030116,2675aa98-7925-4557-9db4-3fa53cc1f9e6,0,0,1,B,Ball,FF,11,2.0,3.2,1.51,95.7,87.8,,-1.75,50.0,5.77,-0.51,3.61,-5.47,10.51,5.4,-139.54,-3.91,-10.81,30.57,-11.4,38.4,3.6,24.0,2362,205,,,,,,,0,1,0,bottom
2019-06-21,565061,10,605447,R,598265,L,88,Strikeout,5,2,190622_030132,2a16104d-edc0-49f3-9786-951e7620868e,1,1,1,C,Called Strike,FF,4,2.0,3.36,1.54,93.5,86.7,,-1.84,50.0,5.62,-0.35,2.74,-4.18,9.27,5.53,-136.4,-5.15,-7.99,26.09,-14.47,24.0,3.6,24.0,2270,202,,,,,,,0,1,0,bottom
2019-06-21,565061,10,605447,R,598265,L,88,Strikeout,5,3,190622_030149,8156f1e4-b898-4adb-a346-2d5502d9510d,1,2,1,F,Foul,SL,7,2.0,3.4,1.58,84.6,79.1,,-1.99,50.0,5.81,-0.69,1.75,1.02,-1.98,2.85,-123.34,-2.75,1.59,21.17,-35.27,3.6,9.6,24.0,2221,31,,,,,,,0,1,0,bottom
2019-06-21,565061,10,605447,R,598265,L,88,Strikeout,5,4,190622_030214,214c5790-9ed1-4a5d-996f-3daa4f7b3edd,1,2,1,F,Foul,FF,5,2.0,3.4,1.58,95.7,88.5,,-1.84,50.0,5.76,0.16,2.73,-3.7,9.23,6.85,-139.5,-5.87,-7.38,28.37,-13.79,21.6,3.6,24.0,2258,199,,,,,,,0,1,0,bottom
2019-06-21,565061,10,605447,R,598265,L,88,Strikeout,5,5,190622_030244,c49b850d-f2c8-4fe2-ab4e-3980a1521865,1,2,1,S,Swinging Strike,FF,12,2.0,3.4,1.58,94.4,87.0,,-1.74,50.0,5.79,0.33,3.41,-2.8,8.16,6.65,-137.67,-3.47,-5.41,28.76,-16.42,13.2,3.6,24.0,2111,194,,,,,,,0,1,0,bottom
2019-06-21,565061,10,605447,R,593523,L,89,Hit By Pitch,3,1,190622_030319,50b186a9-41cf-40b4-a84d-0bfc8c7104bd,0,1,2,F,Foul,FF,6,2.0,3.23,1.52,94.1,86.6,,-1.77,50.0,5.67,0.55,2.47,-4.63,9.38,7.93,-137.09,-6.03,-8.85,28.97,-14.23,25.2,3.6,24.0,2125,203,,,,593523,,,0,0,0,bottom
2019-06-21,565061,10,605447,R,593523,L,89,Hit By Pitch,3,2,190622_030346,dcc2384b-e655-4195-b1cd-f7994d5ecc45,0,1,2,S,Swinging Strike,FF,12,2.0,3.23,1.52,95.1,86.9,,-1.63,50.0,5.89,0.27,3.57,-2.0,9.1,5.91,-138.69,-3.69,-3.88,31.8,-14.49,9.6,3.6,24.0,2115,188,,,,593523,,,0,0,0,bottom
2019-06-21,565061,10,605447,R,593523,L,89,Hit By Pitch,3,3,190622_030406,adb7cf53-4401-4ef2-95b3-7271ee738b5e,1,2,2,H,Hit By Pitch,FF,12,2.0,3.23,1.52,94.7,86.6,,-1.49,50.0,5.85,1.42,3.34,-2.01,9.38,8.64,-137.95,-4.23,-3.87,31.31,-14.13,7.2,3.6,24.0,2191,186,,,,593523,,,0,0,0,bottom
2019-06-21,565061,10,605447,R,543877,R,90,Home Run,7,1,190622_030530,e764f300-5a79-4a86-a0ba-27842c4aaa32,0,0,2,B,Ball,FF,11,2.0,3.03,1.3,93.8,86.1,,-2.11,50.0,5.65,-1.26,2.96,-6.21,7.95,4.47,-136.78,-4.11,-11.79,29.6,-17.09,31.2,4.8,24.0,2135,216,593523,,,,,,2,0,0,bottom
2019-06-21,565061,10,605447,R,543877,R,90,Home Run,7,2,190622_030628,a46cc249-104f-4eef-b532-b9d890dacdac,1,1,2,C,Called Strike,SL,13,2.0,3.25,1.32,83.6,77.1,,-2.25,50.0,5.7,-0.82,2.06,2.52,-0.23,2.66,-121.87,-2.01,3.79,23.87,-32.52,7.2,8.4,24.0,,82,593523,,,,,,2,0,0,bottom
2019-06-21,565061,10,605447,R,543877,R,90,Home Run,7,3,190622_030649,b71113b5-e37b-454f-b9bb-33f5292c81e0,1,1,2,B,Ball,SL,11,2.0,3.21,1.34,83.1,76.1,,-2.16,50.0,5.8,-0.85,2.36,1.83,-0.5,2.57,-121.19,-1.3,2.7,25.41,-32.92,6.0,9.6,24.0,2113,76,593523,,,,,,2,0,0,bottom
2019-06-21,565061,10,605447,R,543877,R,90,Home Run,7,4,190622_030712,bc7a285e-19a4-4035-ab06-b71cb4dcf9ad,2,2,2,F,Foul,FF,1,2.0,3.22,1.5,91.9,84.4,,-2.11,50.0,5.53,-0.58,2.73,-6.7,8.02,6.35,-133.98,-4.1,-12.2,28.38,-17.57,30.0,4.8,24.0,2130,217,593523,,,,,,2,0,0,bottom
2019-06-21,565061,10,605447,R,543877,R,90,Home Run,7,5,190622_030745,d48936c9-68f0-4ea6-a06c-559e7d16cb6f,2,2,2,F,Foul,SL,6,2.0,3.22,1.5,83.5,76.7,,-1.97,50.0,5.82,0.36,2.22,1.49,-1.97,5.12,-121.66,-1.3,2.22,25.08,-35.12,4.8,9.6,24.0,1874,47,593523,,,,,,2,0,0,bottom
2019-06-21,565061,10,605447,R,543877,R,90,Home Run,7,6,190622_030815,7323462c-2a25-4c39-a8fe-6c7455c5fa09,3,2,2,*B,Ball In Dirt,SL,14,2.0,3.29,1.5,85.0,79.2,,-1.75,50.0,5.7,1.19,-0.51,0.01,-0.25,7.18,-123.65,-8.52,0.02,23.86,-32.56,2.4,8.4,24.0,,37,593523,,,,,,2,0,0,bottom
2019-06-21,565061,10,605447,R,543877,R,90,Home Run,7,7,190622_030920,8a34b9f6-3632-42a9-b04d-b6591fb4a9a7,3,2,2,E,In play- run(s),FF,6,2.0,3.22,1.5,93.3,86.1,,-2.0,50.0,5.63,0.24,2.47,-3.67,9.73,7.32,-135.99,-5.94,-6.93,27.54,-13.8,20.4,3.6,24.0,2168,197,593523,,,,,,2,0,0,bottom
2019-08-24,566436,7,605447,R,543592,R,63,Pop Out,1,1,190825_034534,c1aacfb9-f374-4b5c-9c1f-f7ea18f3455e,0,0,0,X,In play- out(s),FF,5,2.0,3.45,1.65,96.0,88.0,,-1.69,50.0,5.73,-0.12,2.74,-6.21,10.49,6.55,-139.68,-6.21,-12.3,30.42,-11.38,40.8,3.6,24.0,2401,208,,,,,,,0,1,1,bottom
2019-08-24,566436,7,605447,R,572122,L,64,Pop Out,2,1,190825_034622,9ea7b9e2-d0ab-4c04-a980-d657dcdbb0ec,0,0,1,B,Ball,FT,13,2.0,3.14,1.46,97.2,89.1,,-1.73,50.0,5.74,-1.46,2.18,-8.35,7.91,3.79,-141.48,-7.08,-16.93,32.16,-16.14,42.0,4.8,24.0,2406,227,,,,,,,0,1,1,bottom
2019-08-24,566436,7,605447,R,572122,L,64,Pop Out,2,2,190825_034647,1b761c32-c4c8-415b-bf69-c3f6f6fa51ef,1,0,1,X,In play- out(s),FF,14,2.0,3.32,1.57,96.7,88.4,,-1.7,50.0,5.69,0.73,2.44,-4.8,10.28,8.47,-140.52,-6.92,-9.59,31.82,-11.62,30.0,3.6,24.0,2418,201,,,,,,,0,1,1,bottom
2019-08-24,566436,7,605447,R,553882,L,65,Groundout,3,1,190825_034727,cafc01d7-c987-4b11-bb64-3db377915b2d,0,1,2,F,Foul,FF,12,2.0,3.32,1.57,97.0,88.8,,-1.53,50.0,5.78,0.89,2.53,-6.46,10.51,9.08,-140.95,-7.1,-13.04,31.18,-10.98,42.0,3.6,24.0,2420,209,,,,,,,0,1,1,bottom
2019-08-24,566436,7,605447,R,553882,L,65,Groundout,3,2,190825_034807,d4298774-ef77-47f1-8c4b-deb6f69b0b85,0,1,2,B,Ball,SL,13,2.0,3.26,1.53,86.3,80.5,,-1.71,50.0,6.0,-1.36,2.01,-0.51,-0.18,1.04,-125.93,-3.48,-0.83,22.4,-32.46,1.2,8.4,24.0,2067,317,,,,,,,0,1,1,bottom
2019-08-24,566436,7,605447,R,553882,L,65,Groundout,3,3,190825_034838,1a2c435c-b03b-4213-8ca7-a3a1c6c3a141,1,1,2,X,In play- out(s),SL,7,2.0,3.32,1.57,85.4,79.3,,-1.53,50.0,5.93,-0.64,2.09,0.47,-0.11,2.04,-124.49,-2.91,0.74,22.87,-32.34,2.4,8.4,24.0,,65,,,,,,,0,1,1,bottom
2019-08-24,566436,8,605447,R,596129,L,71,Walk,4,1,190825_040529,04fcc34e-724f-49d9-9035-0a139801eca7,0,0,0,B,Ball,FF,11,2.0,3.23,1.5,94.7,86.5,,-1.88,50.0,5.94,-2.16,4.15,-2.74,9.55,0.19,-137.99,-2.33,-5.27,31.07,-13.78,20.4,3.6,24.0,2244,196,,,,596129,,,0,0,2,bottom
2019-08-24,566436,8,605447,R,596129,L,71,Walk,4,2,190825_040544,bb91160d-c3de-47fa-af26-24bc2b5252b7,1,0,0,B,Ball,FF,11,2.0,3.28,1.54,93.8,86.1,,-1.77,50.0,5.85,-0.63,3.91,-2.76,7.82,4.03,-136.83,-2.04,-5.24,29.52,-17.32,14.4,3.6,24.0,2155,196,,,,596129,,,0,0,2,bottom
2019-08-24,566436,8,605447,R,596129,L,71,Walk,4,3,190825_040559,dab768d8-eed2-4784-a28a-db14f923a2af,2,0,0,B,Ball,FF,14,2.0,3.28,1.61,93.8,86.3,,-1.64,50.0,5.68,2.2,2.14,-3.09,9.58,11.42,-136.36,-6.94,-5.84,28.86,-14.06,13.2,3.6,24.0,2274,191,,,,596129,,,0,0,2,bottom
2019-08-24,566436,8,605447,R,596129,L,71,Walk,4,4,190825_040624,3013e17c-5887-4095-aa56-9605e416379d,3,0,0,B,Ball,FF,11,2.0,3.44,1.74,94.4,86.4,,-1.81,50.0,5.73,-0.98,3.43,-5.58,8.54,4.22,-137.51,-3.34,-10.7,30.06,-15.79,31.2,3.6,24.0,2229,211,,,,596129,,,0,0,2,bottom
2019-08-24,566436,8,605447,R,621005,R,72,Walk,6,1,190825_040659,4aabed53-ce03-4c79-8f1f-d5a96a247438,0,1,0,C,Called Strike,SL,4,2.0,3.15,1.56,83.9,77.6,,-1.79,50.0,5.9,-0.65,2.58,1.65,-2.45,2.24,-122.22,-0.61,2.5,23.08,-35.89,4.8,9.6,24.0,,39,596129,,,621005,596129,,0,0,2,bottom
2019-08-24,566436,8,605447,R,621005,R,72,Walk,6,2,190825_040717,fcfd61b7-9de8-4fd4-860b-c660fb9b50a3,0,1,0,B,Ball,FF,11,2.0,3.29,1.64,95.4,87.3,,-1.79,50.0,5.81,-0.66,4.4,-3.82,8.75,4.47,-139.11,-1.16,-7.5,30.87,-15.01,22.8,3.6,24.0,2336,200,596129,,,621005,596129,,0,0,2,bottom
2019-08-24,566436,8,605447,R,621005,R,72,Walk,6,3,190825_040735,ed63eb2d-6163-4094-920d-106d6c82ef7f,1,1,0,B,Ball,FF,11,2.0,3.31,1.61,93.6,86.0,,-1.74,50.0,5.76,-1.06,4.14,-5.05,8.15,3.63,-136.52,-1.28,-9.57,28.68,-16.71,27.6,3.6,24.0,2197,209,596129,,,621005,596129,,0,0,2,bottom
2019-08-24,566436,8,605447,R,621005,R,72,Walk,6,4,190825_040759,9b92c53b-e1db-4c4c-a6a3-894f7ff5a5e9,2,1,0,B,Ball,SL,11,2.0,3.29,1.62,83.0,76.9,,-1.85,50.0,5.82,-1.68,2.69,2.16,-2.65,-0.27,-120.98,0.04,3.22,21.96,-36.13,4.8,9.6,24.0,2021,40,596129,,,621005,596129,,0,0,2,bottom
2019-08-24,566436,8,605447,R,621005,R,72,Walk,6,5,190825_040818,782beaf9-e8a5-4d3c-84fa-b7c417aa84e9,3,2,0,C,Called Strike,FF,1,2.0,3.27,1.59,93.5,86.1,,-1.84,50.0,5.66,-0.43,3.26,-3.96,8.79,5.19,-136.3,-3.6,-7.51,28.05,-15.52,21.6,3.6,24.0,2261,201,596129,,,621005,596129,,0,0,2,bottom
2019-08-24,566436,8,605447,R,621005,R,72,Walk,6,6,190825_040835,25193d39-3c51-4a4b-89f1-b4fb9ea9e337,4,2,0,*B,Ball In Dirt,SL,14,2.0,3.26,1.59,83.5,77.6,,-1.48,50.0,5.66,0.01,0.3,0.89,-0.41,3.3,-121.65,-6.08,1.33,22.99,-32.8,3.6,9.6,24.0,,51,596129,,,621005,596129,,0,0,2,bottom
2019-08-27,566928,7,605447,R,542364,L,47,Groundout,4,1,190828_010225,a2c936f4-9045-47b0-b8a7-b740a5e7f559,0,1,0,C,Called Strike,FF,4,2.0,3.16,1.59,94.2,86.2,,-2.12,50.0,5.63,-0.38,2.39,-5.05,9.86,6.48,-137.21,-6.28,-9.62,30.79,-13.4,28.8,3.6,24.0,2202,204,,,,,,,0,1,2,top
2019-08-27,566928,7,605447,R,542364,L,47,Groundout,4,2,190828_010246,6943b23b-7ac3-455f-8bb3-d9a3641dd609,0,1,0,B,Ball,FF,14,2.0,3.31,1.59,96.3,87.8,,-1.8,50.0,5.61,2.49,2.27,-6.78,10.26,14.22,-139.57,-7.03,-13.35,32.0,-11.98,37.2,3.6,24.0,2429,208,,,,,,,0,1,2,top
2019-08-27,566928,7,605447,R,542364,L,47,Groundout,4,3,190828_010305,19f0c0e9-9484-4373-814c-11a932e1a4f8,1,1,0,B,Ball,FF,13,2.0,3.29,1.59,95.7,88.2,,-2.14,50.0,5.51,-0.09,0.72,-6.8,8.58,8.06,-139.12,-10.4,-13.39,29.85,-15.29,33.6,4.8,24.0,2295,218,,,,,,,0,1,2,top
2019-08-27,566928,7,605447,R,542364,L,47,Groundout,4,4,190828_010331,2fb0fd44-24f2-4164-ae21-27feb0e59480,2,1,0,X,In play- out(s),FF,5,2.0,3.37,1.59,94.1,86.6,,-2.13,50.0,5.57,0.04,2.37,-6.31,7.98,8.1,-137.02,-5.57,-12.04,28.94,-16.94,30.0,4.8,24.0,2256,216,,,,,,,0,1,2,top
2019-08-27,566928,7,605447,R,452095,R,48,Single,2,1,190828_010415,c056f893-4dad-406c-9ec9-5acc4b4689ae,0,0,1,S,Swinging Strike,SL,8,2.0,3.37,1.63,85.2,78.5,,-2.0,50.0,5.75,-0.21,1.85,1.98,-0.8,3.76,-124.14,-2.73,3.08,25.34,-33.42,6.0,8.4,24.0,2105,67,,,,452095,,,0,0,2,top
2019-08-27,566928,7,605447,R,452095,R,48,Single,2,2,190828_010442,1646b5b6-4c69-47fc-bdeb-b74a54f43be8,0,1,1,D,In play- no out,FF,3,2.0,3.37,1.53,95.7,87.9,,-1.78,50.0,5.81,0.44,3.18,-6.61,8.01,8.48,-139.38,-4.28,-13.05,30.16,-16.35,33.6,4.8,24.0,2303,216,,,,452095,,,0,0,2,top
2019-08-27,566928,7,605447,R,571740,L,49,Walk,6,1,190828_010514,133e0150-a67b-4e30-bc72-bd9bd70a9d2c,0,0,1,B,Ball,FF,14,2.0,3.16,1.53,94.5,86.2,,-2.05,50.0,5.62,1.28,2.1,-7.11,8.41,11.49,-137.24,-6.53,-13.52,31.22,-16.18,32.4,4.8,24.0,2382,216,452095,,,571740,452095,,0,0,2,top
2019-08-27,566928,7,605447,R,571740,L,49,Walk,6,2,190828_010531,f52e61ce-3a1e-430a-b383-b3ceaba8eff7,1,1,1,C,Called Strike,SL,6,2.0,3.13,1.54,84.4,78.5,,-2.14,50.0,5.71,0.4,2.22,1.01,1.36,5.85,-122.99,-2.34,1.57,21.98,-30.08,4.8,8.4,24.0,2130,125,452095,,,571740,452095,,0,0,2,top
2019-08-27,566928,7,605447,R,571740,L,49,Walk,6,3,190828_010548,cf3ec434-1a14-45a4-9b0e-468b6dd9667d,1,1,1,B,Ball,FF,12,2.0,3.13,1.54,93.4,85.8,,-1.94,50.0,5.59,0.92,2.64,-4.04,9.24,9.08,-135.92,-5.16,-7.59,28.68,-14.83,20.4,3.6,24.0,2344,199,452095,,,571740,452095,,0,0,2,top
2019-08-27,566928,7,605447,R,571740,L,49,Walk,6,4,190828_010609,4a27b15c-faee-436c-adc5-f9467daf423e,2,2,1,C,Called Strike,FF,6,2.0,3.18,1.53,95.4,87.2,,-2.23,50.0,5.55,0.42,2.54,-5.1,10.52,9.07,-138.92,-6.12,-9.94,31.81,-11.67,31.2,3.6,24.0,2379,202,452095,,,571740,452095,,0,0,2,top
2019-08-27,566928,7,605447,R,571740,L,49,Walk,6,5,190828_010626,72f1f872-3f2b-4914-9a49-031c5357badd,2,2,1,B,Ball,SL,11,2.0,3.16,1.53,84.7,77.6,,-2.04,50.0,5.94,-0.45,3.42,0.03,-1.19,3.85,-123.35,0.85,0.04,25.29,-34.01,1.2,8.4,24.0,2217,30,452095,,,571740,452095,,0,0,2,top
2019-08-27,566928,7,605447,R,571740,L,49,Walk,6,6,190828_010644,dcfba51a-8186-4f9f-a906-8372cece9a36,3,2,1,B,Ball,FF,11,2.0,3.16,1.53,94.9,86.5,,-2.12,50.0,5.65,-0.34,3.68,-2.06,10.64,5.57,-138.41,-3.24,-3.97,32.3,-11.63,12.0,2.4,24.0,2303,187,452095,,,571740,452095,,0,0,2,top
2019-08-27,566928,7,605447,R,660670,R,50,Strikeout,6,1,190828_010745,a97af5c1-f247-4066-b327-bba9388c50f6,0,1,1,C,Called Strike,SL,9,2.0,3.29,1.54,85.7,79.0,,-2.06,50.0,5.7,0.43,1.98,0.96,0.07,5.83,-124.82,-2.65,1.51,25.08,-32.06,4.8,8.4,24.0,2205,85,571740,452095,,571740,452095,,0,1,2,top
2019-08-27,566928,7,605447,R,660670,R,50,Strikeout,6,2,190828_010804,81ba1a63-da38-4e44-9569-c0c91b2d56d6,0,1,1,B,Ball,FF,11,2.0,3.38,1.54,94.9,86.3,,-2.13,50.0,5.65,-0.03,4.44,-4.39,9.52,7.28,-138.35,-0.77,-8.46,32.65,-13.83,25.2,3.6,24.0,2347,200,571740,452095,,571740,452095,,0,1,2,top
2019-08-27,566928,7,605447,R,660670,R,50,Strikeout,6,3,190828_010822,13754198-76ea-4841-8a6e-30e5508535c3,1,1,1,B,Ball,FF,12,2.0,3.36,1.53,93.6,85.2,,-2.03,50.0,5.65,0.29,3.82,-3.6,10.18,7.49,-136.4,-2.49,-6.73,31.76,-13.11,20.4,3.6,24.0,2270,194,571740,452095,,571740,452095,,0,1,2,top
2019-08-27,566928,7,605447,R,660670,R,50,Strikeout,6,4,190828_010842,ea0643d2-b501-4e4e-bff1-23c5d10e1ca2,2,2,1,C,Called Strike,SL,9,2.0,3.37,1.54,83.8,77.1,,-2.08,50.0,5.71,0.45,1.57,0.7,-1.14,5.87,-122.05,-2.9,1.05,25.2,-33.88,3.6,9.6,24.0,2264,47,571740,452095,,571740,452095,,0,1,2,top
2019-08-27,566928,7,605447,R,660670,R,50,Strikeout,6,5,190828_010907,ad9e914b-206d-4249-b577-33cd06542100,2,2,1,F,Foul,SL,8,2.0,3.29,1.54,82.6,76.3,,-1.9,50.0,5.98,0.13,1.87,2.11,0.42,4.18,-120.39,-3.13,3.09,23.27,-31.56,7.2,8.4,24.0,2113,93,571740,452095,,571740,452095,,0,1,2,top
2019-08-27,566928,7,605447,R,660670,R,50,Strikeout,6,6,190828_010934,c6579683-bfef-4424-8eb5-15307f187c54,2,2,1,S,Swinging Strike,FF,3,2.0,3.38,1.53,93.6,85.7,,-1.96,50.0,5.63,0.67,2.99,-3.98,8.72,8.47,-136.28,-4.17,-7.49,30.09,-15.78,19.2,3.6,24.0,2207,199,571740,452095,,571740,452095,,0,1,2,top
2019-08-31,566931,8,605447,R,493329,R,65,Hit By Pitch,1,1,190831_214633,874c56d8-d777-4de7-b2a0-00875d896d3c,1,0,0,H,Hit By Pitch,FF,11,2.0,3.33,1.62,94.1,86.4,,-1.91,50.0,5.67,-2.6,3.64,-6.79,8.78,0.52,-137.31,-2.67,-13.01,29.62,-15.37,38.4,4.8,24.0,2275,218,,,,493329,,,0,0,2,top
2019-08-31,566931,8,605447,R,647351,L,66,Strikeout,5,1,190831_214730,3072a3f7-facf-409a-951b-28989b16168a,0,0,0,B,Ball,FF,11,2.0,3.29,1.65,94.2,86.5,,-2.0,50.0,5.74,-1.76,4.27,-5.02,7.84,2.42,-137.49,-0.85,-9.66,29.25,-17.1,27.6,3.6,24.0,2344,211,493329,,,493329,,,0,1,2,top
2019-08-31,566931,8,605447,R,647351,L,66,Strikeout,5,2,190831_214746,6be37615-0aec-44ee-92a4-4f99181fa251,1,1,0,C,Called Strike,SL,6,2.0,3.25,1.63,82.3,76.9,,-1.83,50.0,5.78,0.25,2.43,2.75,-1.5,4.1,-120.06,-0.78,4.07,20.26,-34.39,7.2,9.6,24.0,2238,65,493329,,,493329,,,0,1,2,top
2019-08-31,566931,8,605447,R,647351,L,66,Strikeout,5,3,190831_214807,5988ab64-6050-421f-801c-49dae16df66b,1,2,0,F,Foul,FF,4,2.0,3.29,1.62,94.9,87.6,,-1.67,50.0,5.61,-0.3,2.42,-6.0,8.81,5.91,-138.15,-5.99,-11.71,27.8,-14.98,33.6,3.6,24.0,2365,213,493329,,,493329,,,0,1,2,top
2019-08-31,566931,8,605447,R,647351,L,66,Strikeout,5,4,190831_214833,f2565692-7f4a-477c-8f90-99ec11cd9e16,1,2,0,F,Foul,FF,2,2.0,3.29,1.62,96.2,88.8,,-1.71,50.0,5.66,-0.16,2.8,-6.47,9.67,6.64,-140.08,-5.65,-13.0,28.42,-12.75,39.6,3.6,24.0,2427,212,493329,,,493329,,,0,1,2,top
2019-08-31,566931,8,605447,R,647351,L,66,Strikeout,5,5,190831_214854,82ba4959-66f2-4816-bbc2-ac4e4ec2cd54,1,2,0,S,Swinging Strike,SL,1,2.0,3.29,1.62,83.8,77.7,,-1.85,50.0,5.94,-0.55,3.01,1.5,-2.7,2.68,-122.19,0.42,2.28,22.32,-36.29,4.8,9.6,24.0,2156,35,493329,,,493329,,,0,1,2,top
2019-08-31,566931,8,605447,R,502210,L,67,Walk,6,1,190831_214928,c401834b-11a6-4e23-84a4-0fa1c34f2bb0,0,1,1,C,Called Strike,FF,6,2.0,3.32,1.63,94.3,87.7,,-1.67,50.0,5.62,0.25,2.35,-5.79,7.07,7.3,-137.41,-5.56,-11.26,25.58,-18.43,27.6,4.8,24.0,2286,217,493329,,,502210,493329,,0,0,2,top
2019-08-31,566931,8,605447,R,502210,L,67,Walk,6,2,190831_214947,43ae179a-af0c-4f2f-bc5f-aac04fd27db4,0,1,1,B,Ball,FF,12,2.0,3.37,1.6,95.3,88.3,,-1.57,50.0,5.74,0.98,3.25,-4.52,8.95,8.66,-138.85,-4.24,-8.95,27.03,-14.47,25.2,3.6,24.0,2373,203,493329,,,502210,493329,,0,0,2,top
2019-08-31,566931,8,605447,R,502210,L,67,Walk,6,3,190831_215010,82abb08d-45e5-43fc-aa4f-6c0ff868b606,1,2,1,F,Foul,FF,2,2.0,3.37,1.67,95.0,88.0,,-1.89,50.0,5.67,-0.13,3.09,-5.26,7.95,6.7,-138.44,-4.1,-10.36,26.89,-16.54,27.6,3.6,24.0,2310,211,493329,,,502210,493329,,0,0,2,top
2019-08-31,566931,8,605447,R,502210,L,67,Walk,6,4,190831_215034,52738deb-60cc-484e-bcc8-651956901dd5,1,2,1,B,Ball,FF,12,2.0,3.15,1.65,96.7,89.3,,-1.5,50.0,5.81,1.22,3.81,-3.92,9.48,9.03,-140.9,-3.28,-7.96,28.93,-12.92,24.0,2.4,24.0,2346,198,493329,,,502210,493329,,0,0,2,top
2019-08-31,566931,8,605447,R,502210,L,67,Walk,6,5,190831_215055,7eb98435-55ba-4673-87bd-562f4f01b18f,2,2,1,B,Ball,FF,11,2.0,3.34,1.57,94.7,87.1,,-1.76,50.0,5.67,-1.77,3.62,-5.25,9.4,1.84,-138.18,-3.07,-10.21,29.17,-13.89,33.6,3.6,24.0,2364,208,493329,,,502210,493329,,0,0,2,top
2019-08-31,566931,8,605447,R,502210,L,67,Walk,6,6,190831_215115,0efd25d6-12dd-46a0-9a72-e47829f14603,3,2,1,B,Ball,SL,11,2.0,3.29,1.63,82.6,76.7,,-1.97,50.0,5.75,-1.84,3.06,2.51,-2.54,-0.47,-120.5,1.09,3.73,21.12,-35.95,6.0,9.6,24.0,1101,47,493329,,,502210,493329,,0,0,2,top
2019-08-31,566931,8,605447,R,488726,L,68,Pop Out,5,1,190831_215303,5f6989f6-d620-408f-ae80-eb04b46248f6,0,0,1,B,Ball,SL,11,2.0,3.36,1.59,81.3,75.6,,-2.1,50.0,5.92,-1.88,3.35,2.04,-1.86,-0.11,-118.71,1.37,2.95,20.21,-34.86,4.8,9.6,24.0,,52,502210,493329,,502210,493329,,0,1,2,top
2019-08-31,566931,8,605447,R,488726,L,68,Pop Out,5,2,190831_215326,e2cf1fae-3c19-411f-a8bb-e754f7a2b309,1,0,1,B,Ball,FF,11,2.0,3.36,1.54,92.6,85.3,,-2.02,50.0,5.53,-2.0,3.43,-4.5,8.79,1.61,-135.13,-2.65,-8.39,27.54,-15.81,26.4,3.6,24.0,2271,206,502210,493329,,502210,493329,,0,1,2,top
2019-08-31,566931,8,605447,R,488726,L,68,Pop Out,5,3,190831_215352,748ea6a1-3225-4474-b8a4-ae26295a5da3,2,0,1,B,Ball,FF,13,2.0,3.36,1.57,93.4,86.5,,-1.89,50.0,5.49,-1.29,2.37,-5.09,8.85,3.42,-136.18,-5.58,-9.67,26.59,-15.36,28.8,3.6,24.0,2319,209,502210,493329,,502210,493329,,0,1,2,top
2019-08-31,566931,8,605447,R,488726,L,68,Pop Out,5,4,190831_215415,bda78308-3504-4417-bba8-619328806dfc,3,1,1,C,Called Strike,FF,3,2.0,3.36,1.58,92.8,86.0,,-1.82,50.0,5.57,0.31,3.2,-3.91,8.26,7.08,-135.26,-3.28,-7.35,25.53,-16.65,19.2,3.6,24.0,2387,201,502210,493329,,502210,493329,,0,1,2,top
2019-08-31,566931,8,605447,R,488726,L,68,Pop Out,5,5,190831_215441,63e202cc-4ae8-4d95-adf6-cc4f92cb2660,3,1,1,X,In play- out(s),FF,3,2.0,3.36,1.59,92.0,85.2,,-2.04,50.0,5.52,0.35,3.27,-4.13,7.68,7.77,-134.12,-2.63,-7.62,25.43,-17.99,18.0,4.8,24.0,2342,203,502210,493329,,502210,493329,,0,1,2,top
2019-08-31,566931,8,605447,R,649557,R,69,Strikeout,6,1,190831_215604,5d766839-2de3-4dc9-909b-aabc6f98778a,0,0,2,B,Ball,FF,12,2.0,3.39,1.54,92.1,84.9,,-1.66,50.0,5.57,1.16,3.36,-4.89,9.31,9.19,-134.18,-3.05,-8.99,26.72,-15.06,25.2,3.6,24.0,2287,203,502210,493329,,,,,0,1,2,top
2019-08-31,566931,8,605447,R,649557,R,69,Strikeout,6,2,190831_215626,291776b5-5b8a-40c9-886f-192d432ad834,1,1,2,C,Called Strike,FF,2,2.0,3.39,1.7,94.0,86.1,,-1.93,50.0,5.52,0.19,3.06,-5.98,9.35,7.83,-136.87,-4.0,-11.36,29.83,-14.4,32.4,3.6,24.0,2436,209,502210,493329,,,,,0,1,2,top
2019-08-31,566931,8,605447,R,649557,R,69,Strikeout,6,3,190831_215646,3b6ac58a-179a-4c85-bc47-4b680feb9a22,1,1,2,B,Ball,SL,14,2.0,3.29,1.63,83.2,76.8,,-1.72,50.0,5.67,1.15,2.45,1.62,0.49,6.39,-121.25,-1.16,2.41,23.41,-31.45,6.0,8.4,24.0,,100,502210,493329,,,,,0,1,2,top
2019-08-31,566931,8,605447,R,649557,R,69,Strikeout,6,4,190831_215708,bc062a68-7e6f-4909-bef6-a6798d071b21,2,1,2,B,Ball,FF,12,2.0,3.39,1.61,92.4,84.6,,-1.84,50.0,5.52,0.52,4.01,-5.24,9.36,8.11,-134.62,-1.2,-9.64,28.67,-14.95,27.6,3.6,24.0,2325,204,502210,493329,,,,,0,1,2,top
2019-08-31,566931,8,605447,R,649557,R,69,Strikeout,6,5,190831_215736,cf7b4715-2d9f-4527-93e4-5070c6f9c144,3,2,2,C,Called Strike,FF,7,2.0,3.28,1.65,92.6,85.4,,-1.98,50.0,5.34,-0.25,1.85,-5.39,9.23,6.49,-134.8,-6.49,-9.99,27.23,-15.07,27.6,3.6,24.0,2382,208,502210,493329,,,,,0,1,2,top
2019-08-31,566931,8,605447,R,649557,R,69,Strikeout,6,6,190831_215759,d68911b4-b470-4210-a39b-8da76a69d97e,3,3,2,T,Foul Tip,FF,12,2.0,3.39,1.64,94.5,87.4,,-1.85,50.0,5.52,0.62,3.93,-4.17,8.97,8.24,-137.71,-1.66,-8.12,26.89,-14.72,24.0,3.6,24.0,2365,200,502210,493329,,,,,0,1,2,top
2019-09-03,567237,6,605447,R,621020,R,44,Flyout,2,1,190904_010143,8900dd51-da6f-4ad6-93ff-dd783a2ac9a6,0,0,0,B,Ball,FF,11,2.0,3.47,1.7,93.3,85.8,,-2.08,50.0,5.67,-2.22,3.38,-4.58,6.69,1.24,-136.06,-2.55,-8.63,28.69,-19.58,22.8,4.8,24.0,2121,214,,,,,,,0,1,-4,bottom
2019-09-03,567237,6,605447,R,621020,R,44,Flyout,2,2,190904_010215,5dd7d08c-0dcd-47d4-8816-dac2fb1370d8,1,0,0,X,In play- out(s),FF,12,2.0,3.47,1.63,94.6,87.4,,-1.73,50.0,5.61,0.95,2.73,-3.82,7.46,8.7,-137.75,-4.62,-7.42,27.8,-17.69,16.8,3.6,24.0,2216,202,,,,,,,0,1,-4,bottom
2019-09-03,567237,6,605447,R,452095,R,45,Hit By Pitch,4,1,190904_010247,ec647822-e56e-43f2-be2f-774a30750cb2,0,1,1,C,Called Strike,FF,14,2.0,3.28,1.48,94.7,87.6,,-1.59,50.0,5.6,0.98,2.05,-4.63,8.21,8.68,-137.83,-6.73,-9.01,27.39,-16.2,22.8,3.6,24.0,2114,206,,,,452095,,,0,0,-4,bottom
2019-09-03,567237,6,605447,R,452095,R,45,Hit By Pitch,4,2,190904_010304,a64a2a8d-fafd-4c31-bfa5-86ee0adfafa6,0,1,1,B,Ball,SL,12,2.0,3.38,1.59,85.4,79.3,,-1.4,50.0,5.93,1.22,2.65,1.56,1.55,5.98,-124.35,-2.07,2.46,22.56,-29.72,6.0,7.2,24.0,2147,122,,,,452095,,,0,0,-4,bottom
2019-09-03,567237,6,605447,R,452095,R,45,Hit By Pitch,4,3,190904_010319,3d5218cb-e7a0-403f-af49-9295b71f251f,1,1,1,B,Ball,FF,12,2.0,3.35,1.47,94.9,87.5,,-1.65,50.0,5.8,1.23,3.78,-2.2,8.72,8.69,-138.24,-2.76,-4.3,28.38,-15.15,9.6,3.6,24.0,2190,188,,,,452095,,,0,0,-4,bottom
2019-09-03,567237,6,605447,R,452095,R,45,Hit By Pitch,4,4,190904_010343,55afd13d-bb8d-44ba-8dec-2a9a79bad7e2,3,1,1,H,Hit By Pitch,SL,11,2.0,3.37,1.58,83.8,77.4,,-1.87,50.0,5.86,-1.93,3.94,3.16,0.6,-1.13,-122.17,1.81,4.82,22.28,-31.26,8.4,8.4,24.0,,107,,,,452095,,,0,0,-4,bottom
2019-09-03,567237,6,605447,R,542364,L,46,Forceout,7,1,190904_010426,ce1597b6-cb1b-4bd1-9a2c-fcf12ba0fac8,0,0,1,B,Ball,FF,11,2.0,3.32,1.56,93.8,86.2,,-1.85,50.0,5.69,-0.28,3.93,-3.6,7.68,5.52,-136.75,-1.52,-6.86,28.79,-17.55,18.0,3.6,24.0,2169,201,452095,,,542364,,,0,1,-4,bottom
2019-09-03,567237,6,605447,R,542364,L,46,Forceout,7,2,190904_010443,eaff5d8c-36ba-48b5-9471-5a08e252d949,1,0,1,B,Ball,FF,11,2.0,3.53,1.74,94.3,86.8,,-1.97,50.0,5.57,-1.06,2.5,-5.24,7.73,4.34,-137.54,-5.16,-10.09,29.06,-17.3,26.4,4.8,24.0,2163,213,452095,,,542364,,,0,1,-4,bottom
2019-09-03,567237,6,605447,R,542364,L,46,Forceout,7,3,190904_010501,17c0c1de-a995-4063-ab9e-60a50eebab71,2,1,1,F,Foul,FF,12,2.0,3.32,1.68,93.8,86.3,,-1.73,50.0,5.63,0.74,2.72,-4.33,8.89,8.18,-136.54,-5.01,-8.22,28.51,-15.3,21.6,3.6,24.0,2233,202,452095,,,542364,,,0,1,-4,bottom
2019-09-03,567237,6,605447,R,542364,L,46,Forceout,7,4,190904_010522,b6ac13e4-a702-475d-92d2-b10f71b97d80,2,2,1,F,Foul,FF,12,2.0,3.32,1.62,93.2,86.0,,-1.64,50.0,5.68,1.02,3.16,-2.19,6.87,7.92,-135.75,-3.17,-4.12,27.51,-19.25,7.2,4.8,24.0,1991,191,452095,,,542364,,,0,1,-4,bottom
2019-09-03,567237,6,605447,R,542364,L,46,Forceout,7,5,190904_010555,5c58b0b8-69f3-4263-b3f8-ea1be070c72d,2,2,1,F,Foul,FF,3,2.0,3.32,1.77,94.1,87.3,,-1.75,50.0,5.58,0.48,3.13,-3.12,7.99,7.19,-137.3,-3.62,-6.05,26.36,-16.71,15.6,3.6,24.0,2191,197,452095,,,542364,,,0,1,-4,bottom
2019-09-03,567237,6,605447,R,542364,L,46,Forceout,7,6,190904_010621,f2a09fc1-b49a-455c-995c-a85bfce064e2,2,2,1,F,Foul,FF,12,2.0,3.32,1.74,94.7,87.6,,-1.67,50.0,5.62,0.92,2.56,-3.31,8.55,8.26,-137.95,-5.54,-6.46,27.45,-15.52,16.8,3.6,24.0,2242,197,452095,,,542364,,,0,1,-4,bottom
2019-09-03,567237,6,605447,R,542364,L,46,Forceout,7,7,190904_010648,18c81585-57e0-4d12-bbaa-1bf2172e3079,2,2,1,X,In play- out(s),FF,9,2.0,3.32,1.77,94.5,87.7,,-1.72,50.0,5.41,0.55,1.57,-4.42,7.79,7.78,-137.66,-7.38,-8.6,26.93,-17.03,21.6,3.6,24.0,2186,207,452095,,,542364,,,0,1,-4,bottom
2019-09-03,567237,6,605447,R,669060,R,47,Strikeout,5,1,190904_010744,4e0862f0-9e6e-4678-b0e1-b79032c6d2e5,0,0,2,B,Ball,SL,13,2.0,3.52,1.66,83.4,77.5,,-1.86,50.0,5.74,-0.74,1.78,3.47,0.03,1.61,-121.64,-2.87,5.23,22.33,-32.13,9.6,8.4,24.0,,87,542364,,,,,,0,1,-4,bottom
2019-09-03,567237,6,605447,R,669060,R,47,Strikeout,5,2,190904_010802,ad34c399-c1b6-40c5-a928-d4dacbcf1525,1,1,2,C,Called Strike,FF,12,2.0,3.48,1.68,93.0,85.8,,-1.61,50.0,5.66,0.45,3.59,-3.91,7.91,6.91,-135.54,-2.32,-7.34,27.08,-17.32,19.2,3.6,24.0,2188,202,542364,,,,,,0,1,-4,bottom
2019-09-03,567237,6,605447,R,669060,R,47,Strikeout,5,3,190904_010838,41e8eea4-9459-4689-8742-4c6ea9086643,1,2,2,C,Called Strike,SL,6,2.0,3.57,1.7,84.8,79.2,,-1.7,50.0,5.79,0.61,2.3,0.43,2.44,5.55,-123.67,-2.83,0.67,20.96,-28.33,3.6,7.2,24.0,2014,155,542364,,,,,,0,1,-4,bottom
2019-09-03,567237,6,605447,R,669060,R,47,Strikeout,5,4,190904_010902,07fcd937-5144-43d5-9ee7-dc86622581d7,1,2,2,S,Swinging Strike,FF,3,2.0,3.52,1.66,94.4,87.2,,-1.39,50.0,5.73,0.49,2.98,-3.54,8.11,6.36,-137.56,-4.48,-6.85,27.62,-16.47,18.0,3.6,24.0,2238,200,542364,,,,,,0,1,-4,bottom
2019-09-07,566737,8,605447,R,596847,L,66,Walk,7,1,190908_004306,f04dd3ee-3ed3-48ab-909f-c809d039ed21,0,0,0,B,Ball,FF,11,,3.27,1.42,95.5,87.5,,-2.08,50.0,5.89,-2.03,4.11,-5.49,9.56,2.11,-139.38,-2.5,-10.82,31.04,-13.36,37.2,3.6,24.0,2175,209,,,,596847,,,0,0,0,bottom
2019-09-07,566737,8,605447,R,596847,L,66,Walk,7,2,190908_004334,746dc117-f679-4b74-96be-689954d947eb,1,0,0,B,Ball,FF,11,,3.28,1.54,93.0,85.3,,-1.77,50.0,5.81,-1.32,3.74,-5.95,8.78,3.26,-135.69,-2.58,-11.11,29.17,-15.78,32.4,4.8,24.0,2139,213,,,,596847,,,0,0,0,bottom
2019-09-07,566737,8,605447,R,596847,L,66,Walk,7,3,190908_004354,26ff0183-e5ba-4a0a-8639-eab8d43338e6,2,1,0,F,Foul,FF,9,,3.29,1.58,95.1,87.5,,-1.91,50.0,5.59,0.26,1.96,-5.16,9.06,7.79,-138.37,-7.28,-10.06,29.43,-14.52,27.6,3.6,24.0,2078,207,,,,596847,,,0,0,0,bottom
2019-09-07,566737,8,605447,R,596847,L,66,Walk,7,4,190908_004424,2850d655-3898-484f-85e5-1efe83084bd7,2,1,0,S,Swinging Strike,FF,2,,3.29,1.58,95.2,87.0,,-1.93,50.0,5.68,-0.1,3.28,-4.94,9.58,6.77,-138.74,-4.09,-9.6,31.67,-13.54,28.8,3.6,24.0,2213,204,,,,596847,,,0,0,0,bottom
2019-09-07,566737,8,605447,R,596847,L,66,Walk,7,5,190908_004447,a3e69117-0e04-4730-b71c-6f07f910e6d7,2,2,0,F,Foul,FF,14,,3.29,1.58,96.4,88.1,,-1.64,50.0,5.69,0.77,2.23,-4.43,10.07,8.25,-140.26,-7.39,-8.81,32.31,-12.15,26.4,3.6,24.0,2243,200,,,,596847,,,0,0,0,bottom
2019-09-07,566737,8,605447,R,596847,L,66,Walk,7,6,190908_004539,91afb0a0-52ca-4c1e-b3a5-4b9d21ef65e3,2,2,0,B,Ball,SL,11,,3.29,1.6,84.5,77.7,,-2.04,50.0,6.02,-1.08,4.33,1.75,-0.59,1.78,-123.15,2.68,2.69,23.84,-33.08,4.8,8.4,24.0,2070,86,,,,596847,,,0,0,0,bottom
2019-09-07,566737,8,605447,R,596847,L,66,Walk,7,7,190908_004610,5305faf2-2d82-4c2a-9605-c4b3938675d1,3,2,0,B,Ball,FF,14,,3.29,1.61,95.7,88.0,,-1.89,50.0,5.47,0.06,0.85,-5.43,8.67,7.3,-139.26,-9.97,-10.69,30.85,-15.12,27.6,3.6,24.0,2211,211,,,,596847,,,0,0,0,bottom
2019-09-10,566933,8,605447,R,543877,R,67,Groundout,6,1,190911_021235,27ec8429-b14f-49a4-b00f-236cb41ce335,0,0,2,B,Ball,FF,13,,3.45,1.61,95.5,88.1,,-1.94,50.0,5.48,-0.11,1.03,-5.8,8.76,7.09,-138.91,-9.5,-11.4,29.12,-14.94,30.0,3.6,24.0,2254,212,,,,,,,0,1,1,top
2019-09-10,566933,8,605447,R,543877,R,67,Groundout,6,2,190911_021256,aff66467-60f6-4f34-bdfb-14b90c30e9f5,1,0,2,B,Ball,SL,11,,3.57,1.53,84.8,78.7,,-2.08,50.0,5.7,-1.35,2.42,2.82,-0.93,0.89,-123.67,-1.17,4.41,22.64,-33.63,7.2,8.4,24.0,2177,72,,,,,,,0,1,1,top
2019-09-10,566933,8,605447,R,543877,R,67,Groundout,6,3,190911_021322,bbc1db31-cd82-40bf-bf49-b720c2ca153d,2,1,2,F,Foul,SL,6,,2.99,1.52,85.9,79.7,,-2.22,50.0,5.61,0.35,2.21,1.4,0.7,5.94,-125.13,-2.17,2.24,23.15,-31.06,6.0,8.4,24.0,2177,105,,,,,,,0,1,1,top
2019-09-10,566933,8,605447,R,543877,R,67,Groundout,6,4,190911_021343,554a111d-df64-4f00-9d93-c4ffcc1de94c,2,2,2,F,Foul,FF,11,,3.12,1.52,95.2,87.1,,-2.19,50.0,5.52,-0.78,3.04,-3.95,9.38,5.28,-138.8,-4.25,-7.7,31.28,-13.9,24.0,3.6,24.0,2228,200,,,,,,,0,1,1,top
2019-09-10,566933,8,605447,R,543877,R,67,Groundout,6,5,190911_021415,61a38a0a-5db0-4c14-8796-f025df55d6b0,2,2,2,F,Foul,FF,3,,3.07,1.52,95.0,87.2,,-1.75,50.0,5.67,0.49,3.15,-4.4,9.38,7.71,-138.4,-4.35,-8.56,29.87,-13.92,25.2,3.6,24.0,2290,201,,,,,,,0,1,1,top
2019-09-10,566933,8,605447,R,543877,R,67,Groundout,6,6,190911_021442,64467921-4acb-403b-850d-39628fbd5b48,2,2,2,X,In play- out(s),SL,9,,3.24,1.6,85.8,80.2,,-1.83,50.0,5.8,0.68,1.83,1.6,-3.06,5.72,-125.21,-2.41,2.57,22.69,-37.09,4.8,9.6,24.0,2233,34,,,,,,,0,1,1,top
2019-09-12,566935,7,605447,R,605141,R,52,Single,4,1,190913_012506,c4e67366-405a-4882-a0c8-c1f457f33cce,0,1,0,F,Foul,FF,1,,3.21,1.51,94.7,86.2,,-1.99,50.0,5.6,-0.57,2.8,-5.41,10.52,5.77,-137.88,-5.4,-10.36,32.23,-12.04,34.8,3.6,24.0,2423,205,,,,605141,,,0,0,-2,top
2019-09-12,566935,7,605447,R,605141,R,52,Single,4,2,190913_012528,87c24283-5b9c-4b53-8fba-314f907ec406,0,2,0,F,Foul,FF,2,,3.21,1.51,94.6,86.5,,-2.0,50.0,5.65,-0.07,3.15,-3.99,10.42,6.66,-137.76,-4.56,-7.67,30.48,-12.14,25.2,3.6,24.0,2352,197,,,,605141,,,0,0,-2,top
2019-09-12,566935,7,605447,R,605141,R,52,Single,4,3,190913_012545,89fa0e90-b01d-48dc-ba26-911da1a4b950,0,2,0,B,Ball,FF,11,,3.01,1.36,95.9,88.0,,-1.91,50.0,5.85,-0.03,4.8,-3.64,9.49,6.52,-139.71,-0.5,-7.23,30.02,-13.33,24.0,2.4,24.0,2335,197,,,,605141,,,0,0,-2,top
2019-09-12,566935,7,605447,R,605141,R,52,Single,4,4,190913_012607,6a5bc833-e66f-40dd-a4fb-b6ed416497eb,1,2,0,D,In play- no out,SL,11,,3.21,1.51,86.2,80.0,,-2.1,50.0,5.81,-0.95,2.55,2.5,0.19,2.07,-125.72,-1.73,4.04,23.15,-31.86,7.2,8.4,24.0,2200,92,,,,605141,,,0,0,-2,top
2019-09-12,566935,7,605447,R,571788,L,53,Single,2,1,190913_012655,ac283eec-1d5e-4bb9-afd6-cc4abf7536a6,0,0,0,S,Swinging Strike,FF,1,,3.2,1.53,93.7,86.1,,-2.1,50.0,5.53,-0.47,2.81,-4.74,10.44,6.05,-136.55,-5.08,-8.99,28.75,-12.36,30.0,3.6,24.0,2358,202,605141,,,,571788,,1,0,-2,top
2019-09-12,566935,7,605447,R,571788,L,53,Single,2,2,190913_012807,e3bba7ab-4f51-487a-afcb-a5c08a009bba,0,1,0,E,In play- run(s),FF,4,,3.2,1.53,93.5,86.0,,-2.05,50.0,5.54,-0.29,2.24,-4.71,8.76,6.39,-136.14,-5.97,-8.88,28.52,-15.65,24.0,3.6,24.0,2248,206,605141,,,,571788,,1,0,-2,top
2019-09-12,566935,7,605447,R,593428,R,54,Single,5,1,190913_012904,c982d87b-cc38-4ec0-8b2b-597ae809e195,0,0,0,B,Ball,FF,14,,3.43,1.53,94.0,86.6,,-1.82,50.0,5.48,0.84,1.41,-4.28,10.38,8.69,-136.69,-8.71,-8.15,28.57,-12.42,24.0,3.6,24.0,2312,199,,571788,,593428,,,1,0,-3,top
2019-09-12,566935,7,605447,R,593428,R,54,Single,5,2,190913_012950,bbc3eb87-6d0f-47aa-8129-24439e7903df,1,0,0,B,Ball,SL,11,,3.38,1.53,84.2,78.3,,-2.1,50.0,5.77,-1.42,3.09,2.15,0.54,0.99,-122.82,-0.12,3.33,21.42,-31.33,6.0,8.4,24.0,1922,106,,571788,,593428,,,1,0,-3,top
2019-09-12,566935,7,605447,R,593428,R,54,Single,5,3,190913_013009,5bc31dc9-e947-46ea-b0cd-c8c9c209f6d4,2,1,0,C,Called Strike,SL,3,,3.2,1.46,84.1,78.0,,-2.05,50.0,5.8,0.71,3.07,1.53,0.18,6.22,-122.55,-0.08,2.35,22.03,-31.89,6.0,8.4,24.0,2058,97,,571788,,593428,,,1,0,-3,top
2019-09-12,566935,7,605447,R,593428,R,54,Single,5,4,190913_013036,f80cf7d0-acb1-4730-891d-4e9560b49abe,2,1,0,E,In play- run(s),FF,5,,3.65,1.72,94.2,86.7,,-1.9,50.0,5.56,0.16,2.76,-5.25,9.88,7.45,-137.42,-5.19,-10.09,29.15,-13.19,31.2,3.6,24.0,2194,205,,571788,,593428,,,1,0,-3,top
2019-09-12,566935,7,605447,R,502110,R,55,Strikeout,11,1,190913_013140,3e25eeaa-cfd0-4330-b62e-ba20b49ec796,0,0,0,B,Ball,FF,14,,3.58,1.7,94.7,87.0,,-1.94,50.0,5.5,0.54,1.67,-4.67,9.85,8.41,-137.76,-8.0,-9.0,29.69,-13.19,26.4,3.6,24.0,2335,202,593428,,,593428,,,0,1,-4,top
2019-09-12,566935,7,605447,R,502110,R,55,Strikeout,11,2,190913_013204,95c90916-c26d-41a4-b619-c3587abb44c9,1,0,0,B,Ball,FF,14,,3.6,1.73,95.2,87.7,,-2.0,50.0,5.46,0.5,1.29,-4.88,9.98,8.58,-138.4,-9.11,-9.52,29.01,-12.7,27.6,3.6,24.0,2332,203,593428,,,593428,,,0,1,-4,top
2019-09-12,566935,7,605447,R,502110,R,55,Strikeout,11,3,190913_013230,210aa368-f9a8-4890-9ec7-271748fa6b9e,2,1,0,C,Called Strike,FF,13,,3.72,1.71,94.4,86.6,,-2.29,50.0,5.48,-0.96,2.46,-4.16,9.77,5.08,-137.63,-5.73,-7.98,30.21,-13.41,25.2,3.6,24.0,2335,201,593428,,,593428,,,0,1,-4,top
2019-09-12,566935,7,605447,R,502110,R,55,Strikeout,11,4,190913_013255,ed468fab-7a26-4667-b036-5f7b509e5ef7,2,1,0,B,Ball,FF,11,,3.63,1.71,92.9,85.4,,-2.12,50.0,5.51,-1.39,3.09,-3.91,8.83,3.32,-135.52,-3.57,-7.31,28.31,-15.68,21.6,3.6,24.0,2310,202,593428,,,593428,,,0,1,-4,top
2019-09-12,566935,7,605447,R,502110,R,55,Strikeout,11,5,190913_013317,a31fe327-897e-4e0e-85ad-bf055fbbae3b,3,2,0,C,Called Strike,SL,5,,3.61,1.73,84.4,78.3,,-2.18,50.0,5.73,-0.08,2.82,2.81,0.8,4.25,-123.04,-0.74,4.35,22.17,-30.93,9.6,8.4,24.0,2307,104,593428,,,593428,,,0,1,-4,top
2019-09-12,566935,7,605447,R,502110,R,55,Strikeout,11,6,190913_013345,9e1db007-2040-466b-96b5-594c343bea16,3,2,0,F,Foul,FF,7,,3.65,1.72,94.5,86.6,,-2.12,50.0,5.45,-0.25,2.02,-4.25,10.07,6.58,-137.53,-6.95,-8.14,30.17,-12.87,25.2,3.6,24.0,2320,200,593428,,,593428,,,0,1,-4,top
2019-09-12,566935,7,605447,R,502110,R,55,Strikeout,11,7,190913_013410,95d31803-6890-4dc0-ba00-453872d0cb0a,3,2,0,F,Foul,SL,7,,3.65,1.72,83.5,77.3,,-2.0,50.0,5.74,-0.56,2.23,1.45,-1.16,3.01,-121.73,-1.4,2.19,22.97,-33.92,4.8,9.6,24.0,,56,593428,,,593428,,,0,1,-4,top
2019-09-12,566935,7,605447,R,502110,R,55,Strikeout,11,8,190913_013439,73568d14-a2f8-4aab-b5fc-86b07ac143c6,3,2,0,F,Foul,SL,9,,3.65,1.72,84.1,78.1,,-2.05,50.0,5.62,0.36,1.89,0.6,-0.28,5.66,-122.62,-2.34,0.92,22.72,-32.61,3.6,8.4,24.0,,71,593428,,,593428,,,0,1,-4,top
2019-09-12,566935,7,605447,R,502110,R,55,Strikeout,11,9,190913_013517,834f4df6-36c5-4e5a-bd50-439eee3b75cf,3,2,0,F,Foul,FF,14,,3.65,1.72,93.1,85.4,,-1.98,50.0,5.45,1.22,2.38,-1.88,9.84,9.22,-135.54,-5.62,-3.51,29.49,-13.85,6.0,3.6,24.0,2248,184,593428,,,593428,,,0,1,-4,top
2019-09-12,566935,7,605447,R,502110,R,55,Strikeout,11,10,190913_013544,5f40ad7c-1a75-4a97-9d9a-57d62b15735c,3,3,0,T,Foul Tip,SL,14,,3.65,1.72,84.5,77.5,,-1.86,50.0,5.75,0.14,1.61,0.83,-0.31,4.58,-123.18,-3.28,1.26,26.45,-32.65,3.6,8.4,24.0,1985,66,593428,,,593428,,,0,1,-4,top
2019-09-14,566937,8,605447,R,572228,R,68,Groundout,5,1,190914_220249,add2254c-6f58-4a3a-afee-1172c8aaa101,0,0,0,B,Ball,FF,11,,3.44,1.61,93.6,84.7,,-1.81,50.0,5.8,-0.39,3.66,-6.84,9.51,6.19,-136.32,-3.01,-12.72,33.28,-14.49,36.0,3.6,24.0,2172,213,,,,,,,0,1,-8,top
2019-09-14,566937,8,605447,R,572228,R,68,Groundout,5,2,190914_220307,fc16d88d-d96a-49cd-86de-a7a38cef6bd8,1,0,0,B,Ball,SL,14,,3.48,1.68,82.2,75.5,,-1.89,50.0,5.84,1.09,2.28,1.02,-1.4,6.71,-119.71,-1.15,1.47,24.48,-34.19,4.8,9.6,24.0,2186,54,,,,,,,0,1,-8,top
2019-09-14,566937,8,605447,R,572228,R,68,Groundout,5,3,190914_220323,2a05c0f1-010e-46b7-8500-4e00da65ddf3,2,0,0,S,Swinging Strike,FF,2,,3.49,1.68,93.6,85.1,,-1.82,50.0,5.7,0.23,3.42,-6.84,10.88,7.87,-136.2,-3.91,-12.78,31.43,-11.85,40.8,3.6,24.0,2351,209,,,,,,,0,1,-8,top
2019-09-14,566937,8,605447,R,572228,R,68,Groundout,5,4,190914_220340,1c229e15-8191-44ff-a545-47ca384579b6,2,1,0,B,Ball,FF,13,,3.5,1.7,94.7,85.8,,-1.97,50.0,5.63,-0.97,2.34,-7.3,10.34,5.29,-137.77,-6.6,-13.88,33.54,-12.51,42.0,3.6,24.0,2284,214,,,,,,,0,1,-8,top
2019-09-14,566937,8,605447,R,572228,R,68,Groundout,5,5,190914_220401,e8c3f042-b476-4b8d-921c-46183c7e6aed,3,1,0,X,In play- out(s),FF,13,,3.49,1.68,91.9,83.9,,-1.9,50.0,5.46,-0.25,1.59,-6.24,10.62,6.48,-133.64,-7.73,-11.24,29.71,-13.04,33.6,3.6,24.0,2265,209,,,,,,,0,1,-8,top
2019-09-14,566937,8,605447,R,570482,R,69,Single,3,1,190914_220442,58aa156a-ba6c-4629-8624-6f4f359f1f88,0,0,1,B,Ball,SL,11,,3.32,1.56,85.2,78.1,,-2.04,50.0,5.89,-0.77,3.38,1.44,0.89,2.64,-124.24,0.14,2.25,25.71,-30.79,4.8,8.4,24.0,2117,120,,,,570482,,,0,0,-8,top
2019-09-14,566937,8,605447,R,570482,R,69,Single,3,2,190914_220457,adf970f2-0ad6-45ea-b865-bed66fe60b34,1,0,1,S,Swinging Strike,FF,12,,3.44,1.64,93.8,85.5,,-1.8,50.0,5.59,1.12,2.59,-5.57,9.38,9.8,-136.35,-5.34,-10.45,31.03,-14.58,27.6,3.6,24.0,2318,206,,,,570482,,,0,0,-8,top
2019-09-14,566937,8,605447,R,570482,R,69,Single,3,3,190914_220522,7f22c4b4-1913-4c66-8713-ef1c84a2d346,1,1,1,D,In play- no out,FF,8,,3.44,1.64,94.8,86.1,,-1.86,50.0,5.63,0.15,1.98,-8.74,9.4,8.5,-137.81,-7.26,-16.66,32.93,-14.25,43.2,4.8,24.0,2452,221,,,,570482,,,0,0,-8,top
2019-09-14,566937,8,605447,R,458731,L,70,Forceout,3,1,190914_220558,34b32f75-4a17-47e8-8caf-cba808dbf399,0,1,1,C,Called Strike,FF,5,,3.09,1.47,92.8,84.5,,-2.09,50.0,5.61,-0.16,2.2,-4.13,10.12,6.54,-135.04,-6.51,-7.57,31.18,-13.61,21.6,3.6,24.0,2333,199,570482,,,458731,,,0,1,-8,top
2019-09-14,566937,8,605447,R,458731,L,70,Forceout,3,2,190914_220617,08188ffd-638a-46f7-8508-3a94ab7976c2,0,1,1,B,Ball,FF,11,,3.08,1.47,94.3,85.8,,-2.03,50.0,5.77,-0.56,3.53,-3.32,9.43,5.13,-137.44,-3.44,-6.31,32.34,-14.25,19.2,3.6,24.0,2443,196,570482,,,458731,,,0,1,-8,top
2019-09-14,566937,8,605447,R,458731,L,70,Forceout,3,3,190914_220639,c52e975a-d3e0-49d3-8e79-ddb2ad6bdba2,1,1,1,X,In play- out(s),SL,5,,3.09,1.48,83.2,76.9,,-2.11,50.0,5.76,-0.19,2.04,1.84,-0.71,4.04,-121.32,-2.0,2.75,23.29,-33.24,6.0,9.6,24.0,1958,70,570482,,,458731,,,0,1,-8,top
2019-09-19,565007,8,605447,R,600524,R,67,Flyout,5,1,190920_014101,a2dc287e-c226-439a-81f0-f9452332bb8f,0,1,0,C,Called Strike,FF,14,,3.42,1.64,94.3,87.2,,-1.94,50.0,5.62,0.93,1.57,-4.6,9.85,9.44,-137.09,-8.58,-8.86,27.18,-13.22,25.2,3.6,24.0,1982,201,,,,,,,0,1,5,bottom
2019-09-19,565007,8,605447,R,600524,R,67,Flyout,5,2,190920_014128,70140d54-3868-480b-bc5c-b70af2dded55,0,2,0,F,Foul,FF,6,,3.38,1.63,94.8,87.2,,-1.83,50.0,5.8,0.63,2.45,-4.95,10.38,8.46,-137.92,-6.94,-9.59,28.91,-12.05,30.0,3.6,24.0,2314,202,,,,,,,0,1,5,bottom
2019-09-19,565007,8,605447,R,600524,R,67,Flyout,5,3,190920_014149,981b46ad-31c2-4800-a81f-8689cd9f2203,0,2,0,F,Foul,FF,12,,3.38,1.63,95.5,87.5,,-1.59,50.0,6.04,0.02,4.0,-5.26,10.46,6.31,-139.15,-3.5,-10.34,30.31,-11.61,36.0,3.6,24.0,2325,204,,,,,,,0,1,5,bottom
2019-09-19,565007,8,605447,R,600524,R,67,Flyout,5,4,190920_014212,9b5df434-2d73-42ae-ba37-7cddff3badfa,0,2,0,B,Ball,SL,14,,3.32,1.59,86.8,80.6,,-1.5,50.0,5.89,1.89,-0.38,0.2,0.47,8.38,-126.09,-9.31,0.32,25.35,-31.42,2.4,8.4,24.0,2140,64,,,,,,,0,1,5,bottom
2019-09-19,565007,8,605447,R,600524,R,67,Flyout,5,5,190920_014250,e171e919-e717-4200-b8ea-85d049f05dc4,1,2,0,X,In play- out(s),FF,2,,3.48,1.61,95.3,88.3,,-1.63,50.0,5.92,0.13,3.32,-2.68,9.13,5.8,-139.04,-4.62,-5.31,27.63,-14.08,15.6,3.6,24.0,2168,193,,,,,,,0,1,5,bottom
2019-09-19,565007,8,605447,R,444432,R,68,Groundout,3,1,190920_014317,a518b150-dfd9-4099-9a88-8da31dfb457b,0,1,1,C,Called Strike,SL,4,,3.53,1.6,84.5,79.0,,-1.91,50.0,6.0,-0.33,2.24,2.91,-0.86,2.96,-123.34,-2.36,4.54,21.24,-33.52,8.4,8.4,24.0,2173,72,,,,,,,0,1,5,bottom
2019-09-19,565007,8,605447,R,444432,R,68,Groundout,3,2,190920_014333,fed09305-6730-48e2-a75a-72bdfd55eeec,0,1,1,B,Ball,SL,14,,3.42,1.62,85.9,80.6,,-1.55,50.0,6.04,0.84,0.82,2.31,-1.45,5.18,-125.16,-6.04,3.71,21.89,-34.51,7.2,8.4,24.0,2249,55,,,,,,,0,1,5,bottom
2019-09-19,565007,8,605447,R,444432,R,68,Groundout,3,3,190920_014355,1f105324-888a-4bb0-9e25-5f019fd9b212,1,1,1,X,In play- out(s),SL,6,,3.48,1.61,83.7,77.9,,-1.74,50.0,6.02,0.69,2.81,3.35,-1.96,4.82,-121.96,-0.48,5.1,21.39,-35.16,9.6,9.6,24.0,,64,,,,,,,0,1,5,bottom
2019-09-19,565007,8,605447,R,669720,R,69,Home Run,2,1,190920_014432,c251447e-2ec0-478f-ab53-17b819f674e0,0,1,2,C,Called Strike,SL,2,,3.12,1.46,85.5,78.8,,-1.86,50.0,5.98,-0.19,3.02,2.17,1.76,3.42,-124.58,-1.32,3.42,24.2,-29.4,7.2,7.2,24.0,,123,,,,,,,1,0,5,bottom
2019-09-19,565007,8,605447,R,669720,R,69,Home Run,2,2,190920_014457,7ec4ff1f-2ff5-4865-9061-4943ac0026f7,0,1,2,E,In play- run(s),FF,11,,3.19,1.57,94.8,87.2,,-1.79,50.0,5.92,-0.42,3.24,-2.53,9.92,4.67,-138.34,-4.98,-4.93,29.57,-12.86,15.6,3.6,24.0,2220,192,,,,,,,1,0,5,bottom
2019-09-19,565007,8,605447,R,547004,L,70,Walk,5,1,190920_014535,9522b592-8e8c-44c1-bd84-487bd559813d,0,0,2,B,Ball,SL,13,,3.4,1.54,84.6,78.1,,-1.91,50.0,5.94,-0.93,2.07,1.79,-2.08,1.8,-123.31,-2.15,2.76,24.31,-35.38,4.8,9.6,24.0,2092,42,,,,547004,,,0,0,4,bottom
2019-09-19,565007,8,605447,R,547004,L,70,Walk,5,2,190920_014553,199807d2-0cea-4bd6-a9a8-3b731274f595,1,1,2,C,Called Strike,FF,1,,3.42,1.6,94.2,86.6,,-1.98,50.0,5.83,-0.26,3.17,-3.28,9.26,5.84,-137.32,-4.58,-6.3,29.19,-14.42,18.0,3.6,24.0,2290,196,,,,547004,,,0,0,4,bottom
2019-09-19,565007,8,605447,R,547004,L,70,Walk,5,3,190920_014610,82afb027-3d32-4555-b947-c0256995d615,1,1,2,B,Ball,FF,12,,3.49,1.62,93.5,86.3,,-1.84,50.0,5.83,0.22,3.71,-3.32,7.81,6.73,-136.34,-2.51,-6.3,27.58,-17.35,15.6,3.6,24.0,2180,198,,,,547004,,,0,0,4,bottom
2019-09-19,565007,8,605447,R,547004,L,70,Walk,5,4,190920_014627,f0bb0ae9-4d60-4eb3-9acf-f43759438c59,2,1,2,B,Ball,FF,11,,3.42,1.61,94.0,86.2,,-2.02,50.0,5.76,-0.72,3.66,-4.01,8.77,4.94,-137.01,-2.84,-7.64,29.52,-15.47,22.8,3.6,24.0,2298,201,,,,547004,,,0,0,4,bottom
2019-09-19,565007,8,605447,R,547004,L,70,Walk,5,5,190920_014643,0d750150-a747-472a-8dff-ca52b1355f49,3,1,2,B,Ball,FF,11,,3.37,1.6,93.8,85.9,,-2.04,50.0,5.77,-1.0,3.67,-3.77,9.48,4.11,-136.83,-3.06,-7.14,30.09,-14.2,22.8,3.6,24.0,2247,199,,,,547004,,,0,0,4,bottom
2019-09-19,565007,8,605447,R,642851,R,71,Strikeout,4,1,190920_014758,81e2713e-849b-42a5-b807-df968eb7457d,0,0,2,B,Ball,FF,11,,3.25,1.55,94.2,86.2,,-2.1,50.0,5.73,-1.54,2.59,-3.91,9.61,2.89,-137.32,-5.96,-7.45,30.82,-13.86,24.0,3.6,24.0,2284,201,547004,,,,,,0,1,4,bottom
2019-09-19,565007,8,605447,R,642851,R,71,Strikeout,4,2,190920_014818,dda1c56f-5114-4a93-96d0-64613734db84,1,1,2,C,Called Strike,SL,1,,3.23,1.47,83.2,77.2,,-1.88,50.0,6.02,-0.68,2.99,1.34,-1.25,2.46,-121.39,-0.2,2.02,21.98,-34.06,3.6,9.6,24.0,2035,55,547004,,,,,,0,1,4,bottom
2019-09-19,565007,8,605447,R,642851,R,71,Strikeout,4,3,190920_014837,df063de9-218a-46d1-b730-bd74d7b7b408,1,2,2,F,Foul,FF,1,,3.47,1.59,94.3,86.5,,-2.05,50.0,5.78,-0.63,3.15,-4.39,8.62,5.39,-137.4,-4.27,-8.41,29.8,-15.66,24.0,3.6,24.0,2299,204,547004,,,,,,0,1,4,bottom
2019-09-19,565007,8,605447,R,642851,R,71,Strikeout,4,4,190920_014909,8685458d-ee3e-4f44-85dc-3bbb6f1582f3,1,2,2,S,Swinging Strike,SL,14,,3.47,1.59,85.4,79.3,,-1.55,50.0,6.01,0.11,1.58,1.63,-1.16,3.55,-124.53,-4.02,2.57,23.98,-34.0,4.8,8.4,24.0,2043,53,547004,,,,,,0,1,4,bottom
2019-09-21,567535,7,605447,R,544369,L,55,Pop Out,2,1,190921_193516,3febe3e7-339a-422c-8713-4152d8e1eb4c,0,0,0,B,Ball,SL,13,,3.3,1.61,83.0,77.3,,-1.96,50.0,5.76,-0.76,0.96,1.99,-2.14,2.27,-121.06,-4.14,2.97,22.21,-35.36,4.8,9.6,24.0,,42,,,,,,,0,1,-4,bottom
2019-09-21,567535,7,605447,R,544369,L,55,Pop Out,2,2,190921_193534,481d276e-b696-46d0-869e-c7347dfa29b4,1,0,0,X,In play- out(s),SL,4,,3.28,1.61,82.5,76.1,,-1.96,50.0,5.84,-0.56,2.68,1.13,0.49,2.97,-120.19,-0.91,1.66,22.58,-31.45,3.6,8.4,24.0,,109,,,,,,,0,1,-4,bottom
2019-09-21,567535,7,605447,R,457727,R,56,Walk,9,1,190921_193615,39f3339f-5245-4a70-b5dc-ab027e99e590,0,0,1,B,Ball,SL,13,,3.47,1.7,85.3,79.4,,-1.95,50.0,5.81,-1.63,2.45,1.93,1.31,0.18,-124.52,-2.2,3.06,22.14,-30.1,6.0,7.2,24.0,2116,121,,,,457727,,,0,0,-4,bottom
2019-09-21,567535,7,605447,R,457727,R,56,Walk,9,2,190921_193631,2468f2a6-989b-4f43-9fba-cddcffaa79d9,1,1,1,F,Foul,FF,12,,3.54,1.7,94.2,86.6,,-1.94,50.0,5.66,0.97,3.1,-3.57,9.45,9.16,-137.15,-4.36,-6.83,28.89,-14.08,18.0,3.6,24.0,2203,195,,,,457727,,,0,0,-4,bottom
2019-09-21,567535,7,605447,R,457727,R,56,Walk,9,3,190921_193653,4b21025d-bb02-480e-a15c-25ab38209439,1,1,1,B,Ball,FF,11,,3.63,1.7,95.6,88.2,,-1.9,50.0,5.76,-0.66,4.05,-3.41,9.05,4.66,-139.49,-2.18,-6.77,28.59,-14.18,21.6,3.6,24.0,2321,198,,,,457727,,,0,0,-4,bottom
2019-09-21,567535,7,605447,R,457727,R,56,Walk,9,4,190921_193710,6abceec4-2952-472d-a2a4-20d7e523aaf3,2,1,1,S,Swinging Strike,SL,13,,3.54,1.7,84.4,78.7,,-1.66,50.0,5.72,-0.24,0.65,1.46,-0.55,2.99,-123.08,-5.57,2.25,22.57,-33.03,4.8,8.4,24.0,,59,,,,457727,,,0,0,-4,bottom
2019-09-21,567535,7,605447,R,457727,R,56,Walk,9,5,190921_193733,3b9893c1-bf61-4af8-97ab-2d89a642ef0d,2,2,1,B,Ball,SL,11,,3.74,1.7,86.2,80.6,,-2.06,50.0,5.97,-0.91,3.18,2.1,-1.19,2.19,-125.81,-0.18,3.43,21.09,-34.11,6.0,8.4,24.0,,64,,,,457727,,,0,0,-4,bottom
2019-09-21,567535,7,605447,R,457727,R,56,Walk,9,6,190921_193753,916c3529-2a0d-480b-a106-1e6f0bd72341,3,2,1,F,Foul,SL,5,,3.54,1.7,85.1,79.5,,-1.94,50.0,5.76,-0.17,2.53,2.66,-0.73,3.51,-124.2,-1.21,4.23,21.16,-33.34,8.4,8.4,24.0,,76,,,,457727,,,0,0,-4,bottom
2019-09-21,567535,7,605447,R,457727,R,56,Walk,9,7,190921_193821,8d3464d7-3893-48af-951d-78b2fc5c801d,3,2,1,F,Foul,FF,5,,3.54,1.7,95.6,88.8,,-1.83,50.0,5.61,0.24,2.42,-4.72,9.2,7.42,-139.37,-6.34,-9.43,26.73,-13.8,28.8,3.6,24.0,2355,204,,,,457727,,,0,0,-4,bottom
2019-09-21,567535,7,605447,R,457727,R,56,Walk,9,8,190921_193848,27c2366e-eb5f-4ab3-931a-f4b52de9ad96,3,2,1,F,Foul,FF,2,,3.54,1.7,93.4,86.8,,-1.66,50.0,5.67,-0.06,2.96,-4.78,8.6,6.03,-136.25,-4.44,-9.12,25.48,-15.74,26.4,3.6,24.0,2142,206,,,,457727,,,0,0,-4,bottom
2019-09-21,567535,7,605447,R,457727,R,56,Walk,9,9,190921_193908,e40e70fb-6eea-42e6-b6e5-682ad1488b75,3,2,1,B,Ball,FF,11,,3.71,1.7,94.5,87.7,,-1.85,50.0,5.68,-1.24,3.4,-2.75,6.8,2.65,-137.94,-2.8,-5.38,26.5,-18.88,14.4,3.6,24.0,2012,200,,,,457727,,,0,0,-4,bottom
2019-09-21,567535,7,605447,R,570482,R,57,Groundout,4,1,190921_193947,3664e155-210c-44b9-b34a-07d975aeccf2,0,0,1,S,Swinging Strike,FF,2,,3.44,1.64,94.9,88.2,,-1.86,50.0,5.59,0.23,3.02,-4.71,8.6,7.46,-138.37,-4.32,-9.3,25.91,-15.22,26.4,3.6,24.0,2287,205,457727,,,,457727,,0,1,-4,bottom
2019-09-21,567535,7,605447,R,570482,R,57,Groundout,4,2,190921_194026,d3ee68f5-78be-4965-9f1f-857bd05a1287,0,1,1,B,Ball,SL,14,,3.52,1.64,85.0,79.6,,-1.69,50.0,5.77,0.88,1.85,2.37,-0.56,5.57,-123.94,-2.95,3.74,21.15,-33.06,7.2,8.4,24.0,1067,75,457727,,,,457727,,0,1,-4,bottom
2019-09-21,567535,7,605447,R,570482,R,57,Groundout,4,3,190921_194052,ed721315-c078-4c30-8a12-f01be12e514e,1,1,1,X,In play- out(s),SL,7,,3.44,1.64,83.0,77.5,,-1.74,50.0,5.74,-0.42,1.91,2.15,-1.6,2.51,-121.02,-2.02,3.23,20.61,-34.58,6.0,9.6,24.0,,55,457727,,,,457727,,0,1,-4,bottom
2019-09-21,567535,7,605447,R,645801,L,58,Single,1,1,190921_194141,66a68f2d-6e89-4706-a5a0-dd08161d8b7b,0,0,2,E,In play- run(s),FF,5,,3.14,1.49,95.7,88.7,,-1.68,50.0,5.61,0.12,2.07,-4.5,7.87,6.6,-139.43,-6.82,-8.97,27.78,-16.48,22.8,3.6,24.0,2132,207,,457727,,645801,,,1,0,-4,bottom
2019-09-21,567535,7,605447,R,640449,R,59,Strikeout,8,1,190921_194222,078f1781-0227-440d-abfc-1e7dcf7ab300,0,0,2,S,Swinging Strike,SL,14,,3.35,1.59,86.4,80.7,,-1.56,50.0,5.73,1.68,1.32,2.27,-0.45,7.36,-125.77,-4.41,3.67,22.73,-32.91,8.4,8.4,24.0,,74,645801,,,,,,0,1,-5,bottom
2019-09-21,567535,7,605447,R,640449,R,59,Strikeout,8,2,190921_194245,63c816cc-e872-445a-9d38-5d2abb7802dc,0,1,2,B,Ball,SL,14,,3.4,1.59,85.4,80.0,,-1.43,50.0,5.82,0.73,1.19,0.23,-1.46,5.25,-124.45,-4.46,0.37,21.55,-34.5,2.4,8.4,24.0,2113,23,645801,,,,,,0,1,-5,bottom
2019-09-21,567535,7,605447,R,640449,R,59,Strikeout,8,3,190921_194304,9362589c-d5b2-40ea-8c94-fc12afbde756,1,1,2,S,Swinging Strike,SL,7,,3.35,1.59,85.3,79.7,,-1.71,50.0,5.81,-0.25,1.84,0.59,-1.0,3.4,-124.36,-2.95,0.94,21.71,-33.77,2.4,8.4,24.0,,38,645801,,,,,,0,1,-5,bottom
2019-09-21,567535,7,605447,R,640449,R,59,Strikeout,8,4,190921_194327,c1fb178b-9904-489a-bfdb-a5619fb20140,1,2,2,B,Ball,SL,12,,3.4,1.59,86.5,80.4,,-1.51,50.0,6.06,0.86,3.15,0.41,-1.32,5.8,-125.98,-0.42,0.66,22.78,-34.31,2.4,8.4,24.0,,40,645801,,,,,,0,1,-5,bottom
2019-09-21,567535,7,605447,R,640449,R,59,Strikeout,8,5,190921_194348,356cbabb-3b10-42a8-9df2-02d9b6f39245,2,2,2,B,Ball,FF,11,,3.42,1.66,96.4,88.7,,-1.61,50.0,5.9,-0.63,4.32,-2.79,9.12,3.74,-140.68,-1.95,-5.63,29.93,-13.77,19.2,3.6,24.0,2187,194,645801,,,,,,0,1,-5,bottom
2019-09-21,567535,7,605447,R,640449,R,59,Strikeout,8,6,190921_194411,a65a0eb1-25a6-46e4-9b7e-4b29b8669b4e,3,2,2,F,Foul,FF,1,,3.35,1.59,94.3,87.3,,-1.91,50.0,5.66,-0.69,3.04,-2.45,8.69,4.2,-137.51,-4.33,-4.74,26.99,-15.32,13.2,3.6,24.0,2329,193,645801,,,,,,0,1,-5,bottom
2019-09-21,567535,7,605447,R,640449,R,59,Strikeout,8,7,190921_194443,5f7619d0-f8d1-4961-a2f9-5eadf49d20d3,3,2,2,F,Foul,SL,8,,3.35,1.59,83.9,77.7,,-1.69,50.0,5.78,0.21,2.06,3.16,0.58,3.6,-122.28,-2.54,4.8,23.14,-31.29,9.6,8.4,24.0,2206,96,645801,,,,,,0,1,-5,bottom
2019-09-21,567535,7,605447,R,640449,R,59,Strikeout,8,8,190921_194509,3a9b1b49-972d-4d6c-ab07-31b2f2d5ca12,3,3,2,W,Swinging Strike (Blocked),SL,14,,3.35,1.59,85.4,79.6,,-1.7,50.0,5.8,0.4,0.79,-0.32,-1.65,5.26,-124.48,-5.29,-0.5,23.25,-34.78,0.0,9.6,24.0,,8,645801,,,,,,0,1,-5,bottom
2019-09-23,566939,11,605447,R,542340,L,90,Groundout,1,1,190924_025209,39f7eea2-aec5-425a-b22e-f98071314d1c,0,0,0,X,In play- out(s),FF,9,,3.36,1.66,94.6,86.8,,-1.81,50.0,5.59,0.71,1.77,-4.2,10.24,8.34,-137.52,-8.07,-8.06,29.89,-12.53,24.0,3.6,24.0,2141,199,,,,,,,0,1,0,top
2019-09-23,566939,11,605447,R,669720,R,91,Strikeout,5,1,190924_025244,7c55531d-0318-4823-829b-02842cbaf8a6,0,1,1,C,Called Strike,SL,1,,3.15,1.43,84.6,78.2,,-1.81,50.0,5.89,-0.46,2.95,2.16,1.8,2.6,-123.26,-1.15,3.34,23.07,-29.38,7.2,8.4,24.0,2081,126,,,,,,,0,1,0,top
2019-09-23,566939,11,605447,R,669720,R,91,Strikeout,5,2,190924_025328,2d001c75-694f-4127-94ad-cbdb9c4dd39d,0,1,1,B,Ball,SL,14,,3.17,1.48,86.1,79.7,,-1.62,50.0,5.78,1.12,0.63,1.12,-0.34,6.42,-125.22,-6.11,1.79,25.04,-32.71,4.8,8.4,24.0,2154,63,,,,,,,0,1,0,top
2019-09-23,566939,11,605447,R,669720,R,91,Strikeout,5,3,190924_025350,c8e730dc-7ff6-4876-9ecf-9ad5577ad924,1,2,1,C,Called Strike,FF,8,,3.17,1.49,95.4,87.7,,-1.88,50.0,5.58,0.07,1.58,-3.79,9.78,6.71,-138.82,-8.61,-7.42,29.89,-13.01,21.6,3.6,24.0,2243,198,,,,,,,0,1,0,top
2019-09-23,566939,11,605447,R,669720,R,91,Strikeout,5,4,190924_025415,429bee6b-96e3-4479-be14-ddef82f6de4b,1,2,1,F,Foul,SL,14,,3.16,1.54,85.6,79.5,,-1.82,50.0,5.82,0.14,1.03,1.82,-2.8,4.24,-124.74,-4.4,2.87,24.45,-36.6,6.0,9.6,24.0,,36,,,,,,,0,1,0,top
2019-09-23,566939,11,605447,R,669720,R,91,Strikeout,5,5,190924_025448,e91c07e7-56c9-432f-b9d2-8a7fa4ce878c,1,2,1,S,Swinging Strike,SL,13,,3.16,1.54,86.0,79.5,,-1.72,50.0,5.84,-0.1,1.33,1.58,0.54,3.49,-125.39,-4.84,2.51,25.38,-31.32,6.0,8.4,24.0,1952,91,,,,,,,0,1,0,top
2019-09-23,566939,11,605447,R,641820,R,92,Single,4,1,190924_025525,929ec593-6f01-4541-8ad9-34a66a16be82,0,1,2,F,Foul,SL,11,,3.68,1.72,83.7,77.0,,-2.03,50.0,5.9,-0.77,3.16,2.87,0.26,2.15,-122.06,0.01,4.33,23.97,-31.78,8.4,8.4,24.0,,97,,,,641820,,,0,0,0,top
2019-09-23,566939,11,605447,R,641820,R,92,Single,4,2,190924_025547,04419876-7a51-4aac-8de2-ecc4a585fafe,0,2,2,F,Foul,FF,5,,3.68,1.72,95.1,87.2,,-1.6,50.0,5.74,0.16,2.69,-3.21,9.42,5.94,-138.51,-5.81,-6.25,30.54,-13.86,18.0,3.6,24.0,2218,196,,,,641820,,,0,0,0,top
2019-09-23,566939,11,605447,R,641820,R,92,Single,4,3,190924_025610,d354f34a-f491-437d-b2e7-93ab2d64cccb,0,2,2,B,Ball,SL,14,,3.62,1.66,86.7,80.1,,-1.63,50.0,5.9,0.31,0.87,0.29,-1.05,4.74,-126.22,-5.72,0.47,26.05,-33.87,2.4,8.4,24.0,2067,28,,,,641820,,,0,0,0,top
2019-09-23,566939,11,605447,R,641820,R,92,Single,4,4,190924_025701,bae06332-1974-4edc-864c-3b01323a55ea,1,2,2,D,In play- no out,SL,13,,3.68,1.72,86.2,79.6,,-1.87,50.0,5.76,-0.27,1.49,2.61,0.13,3.14,-125.63,-4.15,4.17,25.55,-31.97,8.4,8.4,24.0,2063,84,,,,641820,,,0,0,0,top
2019-09-23,566939,11,605447,R,623993,L,93,Strikeout,3,1,190924_025732,14d12e27-d9f3-4623-b424-bb370854a63d,0,1,2,F,Foul,FF,4,,3.26,1.58,94.2,86.2,,-1.97,50.0,5.63,-0.51,2.3,-6.17,8.61,6.11,-137.14,-6.08,-11.74,30.67,-15.8,31.2,4.8,24.0,2252,214,641820,,,,,,0,1,0,top
2019-09-23,566939,11,605447,R,623993,L,93,Strikeout,3,2,190924_025758,7331473c-3823-4087-b48f-1d848021aae9,0,2,2,F,Foul,FF,2,,3.26,1.58,94.4,87.0,,-1.91,50.0,5.7,0.14,2.84,-3.92,7.97,6.98,-137.57,-4.69,-7.56,28.53,-16.79,19.2,3.6,24.0,2089,202,641820,,,,,,0,1,0,top
2019-09-23,566939,11,605447,R,623993,L,93,Strikeout,3,3,190924_025828,a9c68ed6-9eb1-4f77-abfa-1994881c1658,0,3,2,W,Swinging Strike (Blocked),SL,14,,3.26,1.58,85.3,79.5,,-1.64,50.0,5.76,0.41,0.19,0.37,-2.47,4.93,-124.21,-6.35,0.58,23.66,-36.06,2.4,9.6,24.0,2200,17,641820,,,,,,0,1,0,top
2019-09-23,566939,12,605447,R,547004,L,97,Groundout,2,1,190924_031252,cd6b9005-270b-493c-944c-ee238e85a0b4,0,1,0,C,Called Strike,SL,7,,3.45,1.52,84.7,78.6,,-2.02,50.0,5.77,-0.69,2.04,2.56,-0.64,2.44,-123.6,-2.34,3.98,23.4,-33.17,7.2,8.4,24.0,2070,74,,,,,,,0,1,0,top
2019-09-23,566939,12,605447,R,547004,L,97,Groundout,2,2,190924_031312,b0698527-ae5b-4c5b-b151-7716fcac2285,0,1,0,X,In play- out(s),FF,5,,3.46,1.63,94.7,86.9,,-1.96,50.0,5.67,-0.19,2.82,-5.72,8.7,6.86,-137.92,-4.94,-11.04,29.96,-15.37,30.0,3.6,24.0,2293,210,,,,,,,0,1,0,top
2019-09-23,566939,12,605447,R,593643,R,98,Groundout,4,1,190924_031347,6a1ab48b-7eed-4b31-9401-1f2bdd06e1da,0,0,1,S,Swinging Strike,FF,11,,3.43,1.61,94.3,86.3,,-1.85,50.0,5.71,-0.4,3.53,-3.25,9.7,5.08,-137.4,-3.42,-6.23,30.16,-13.61,19.2,3.6,24.0,2361,195,,,,,,,0,1,0,top
2019-09-23,566939,12,605447,R,593643,R,98,Groundout,4,2,190924_031406,fd183356-7306-45d4-a556-72c42e654052,0,1,1,B,Ball,FF,12,,3.42,1.6,94.8,86.9,,-1.65,50.0,5.84,1.01,3.51,-4.55,9.03,8.89,-138.02,-3.64,-8.79,30.17,-14.72,24.0,3.6,24.0,2395,202,,,,,,,0,1,0,top
2019-09-23,566939,12,605447,R,593643,R,98,Groundout,4,3,190924_031426,f290799e-4ffe-437e-a53a-e373694e5b85,1,2,1,F,Foul,FF,4,,3.43,1.61,94.6,86.7,,-1.99,50.0,5.63,-0.55,2.41,-3.78,9.79,5.26,-137.79,-6.31,-7.27,30.29,-13.33,22.8,3.6,24.0,2337,199,,,,,,,0,1,0,top
2019-09-23,566939,12,605447,R,593643,R,98,Groundout,4,4,190924_031447,2b70b5c1-b13a-42ec-a21a-afdb3674fb3c,1,2,1,X,In play- out(s),SL,14,,3.43,1.61,86.1,80.0,,-1.58,50.0,5.86,1.44,1.44,2.43,-2.58,6.7,-125.4,-3.64,3.88,24.31,-36.31,7.2,9.6,24.0,,48,,,,,,,0,1,0,top
2019-09-23,566939,12,605447,R,448801,L,99,Home Run,7,1,190924_031522,72498053-22af-4095-82ef-84110bda502d,0,0,2,S,Swinging Strike,FF,1,,3.54,1.64,94.2,86.5,,-1.93,50.0,5.67,-0.3,3.07,-3.51,8.05,5.66,-137.34,-3.98,-6.73,29.57,-16.75,18.0,3.6,24.0,2195,200,,,,,,,1,0,0,top
2019-09-23,566939,12,605447,R,448801,L,99,Home Run,7,2,190924_031540,1cee9fe7-bf8e-4ccf-8892-58c694609e18,0,1,2,B,Ball,FF,11,,3.57,1.65,95.7,87.7,,-1.88,50.0,5.78,-0.52,3.91,-3.5,9.32,5.0,-139.61,-2.65,-6.92,31.11,-13.75,21.6,3.6,24.0,2353,197,,,,,,,1,0,0,top
2019-09-23,566939,12,605447,R,448801,L,99,Home Run,7,3,190924_031556,d2bf8cea-136c-43fd-a8a9-c51970e1f64e,1,1,2,S,Swinging Strike,FF,2,,3.54,1.64,95.1,87.1,,-1.71,50.0,5.69,0.1,3.37,-2.72,9.46,5.94,-138.64,-3.85,-5.3,30.72,-13.73,15.6,3.6,24.0,2251,192,,,,,,,1,0,0,top
2019-09-23,566939,12,605447,R,448801,L,99,Home Run,7,4,190924_031617,6b5092f8-2066-4311-8643-803d6e701348,1,2,2,B,Ball,SL,13,,3.53,1.64,86.2,80.0,,-1.97,50.0,5.79,-1.1,1.13,2.84,-0.91,1.24,-125.64,-4.81,4.55,24.45,-33.64,8.4,8.4,24.0,2158,65,,,,,,,1,0,0,top
2019-09-23,566939,12,605447,R,448801,L,99,Home Run,7,5,190924_031639,889e73fb-283e-4930-a88c-2822920f07e3,2,2,2,B,Ball,FF,14,,3.55,1.65,95.2,87.3,,-1.86,50.0,5.57,0.84,2.27,-3.9,9.32,8.8,-138.62,-6.47,-7.59,30.82,-14.04,20.4,3.6,24.0,2326,198,,,,,,,1,0,0,top
2019-09-23,566939,12,605447,R,448801,L,99,Home Run,7,6,190924_031700,2401e7e5-dd4f-44b9-a79c-dadcdb865598,3,2,2,F,Foul,FF,8,,3.54,1.64,94.3,86.8,,-1.94,50.0,5.49,-0.12,1.72,-4.38,8.18,6.48,-137.26,-7.19,-8.38,29.11,-16.5,21.6,3.6,24.0,2249,206,,,,,,,1,0,0,top
2019-09-23,566939,12,605447,R,448801,L,99,Home Run,7,7,190924_031729,472331d5-a08e-46c6-9cb9-a6e6eb1ee527,3,2,2,E,In play- run(s),FF,8,,3.54,1.64,94.2,87.0,,-1.96,50.0,5.52,-0.19,1.85,-2.22,8.11,5.59,-137.28,-6.93,-4.26,28.24,-16.58,9.6,3.6,24.0,2086,192,,,,,,,1,0,0,top
2019-09-23,566939,12,605447,R,592859,L,100,Single,2,1,190924_031816,b3cafc28-3ed4-4a46-9026-01eeefba2fb5,0,0,2,S,Swinging Strike,FF,11,,3.11,1.5,95.1,87.5,,-1.87,50.0,5.68,-0.49,3.33,-4.26,9.11,5.32,-138.77,-3.85,-8.35,29.46,-14.31,25.2,3.6,24.0,2311,202,,,,592859,,,0,0,-1,top
2019-09-23,566939,12,605447,R,592859,L,100,Single,2,2,190924_031839,5b798e16-2cb5-4636-8702-41323784bf51,0,1,2,D,In play- no out,FF,2,,3.11,1.5,95.6,87.8,,-1.87,50.0,5.67,-0.02,2.82,-3.86,10.16,6.49,-139.25,-5.67,-7.61,29.94,-12.13,25.2,3.6,24.0,2313,198,,,,592859,,,0,0,-1,top
2019-09-23,566939,12,605447,R,600474,R,101,Bunt Groundout,1,1,190924_031914,9db81481-0817-49ca-84dc-888f09dfa0bf,0,0,2,X,In play- out(s),FF,11,,3.28,1.54,94.2,86.5,,-2.11,50.0,5.62,-0.92,2.69,-3.26,9.57,4.39,-137.27,-5.41,-6.25,29.28,-13.85,19.2,3.6,24.0,2223,197,592859,,,,,,0,1,-1,top
2019-09-25,566941,8,605447,R,542340,L,56,Strikeout,6,1,190926_012718,63bdfad2-f184-408a-9267-5d72a04102d2,0,0,0,B,Ball,FF,11,,3.34,1.65,94.5,86.3,,-2.33,50.0,5.79,-1.15,3.63,-4.56,9.02,4.81,-137.82,-3.13,-8.74,31.41,-14.87,26.4,3.6,24.0,2197,204,,,,,,,0,1,3,top
2019-09-25,566941,8,605447,R,542340,L,56,Strikeout,6,2,190926_012737,4d51f3b1-062c-4f43-bb35-6ae2cf6b48d0,1,0,0,S,Swinging Strike,FF,4,,3.29,1.65,93.2,85.5,,-2.25,50.0,5.68,-0.57,2.53,-4.86,9.68,6.2,-135.77,-5.82,-9.09,29.15,-14.07,26.4,3.6,24.0,2272,204,,,,,,,0,1,3,top
2019-09-25,566941,8,605447,R,542340,L,56,Strikeout,6,3,190926_012759,63e83681-3824-4a13-aa45-ca59677087df,1,1,0,S,Swinging Strike,FF,1,,3.3,1.65,93.8,86.0,,-2.07,50.0,5.72,-0.6,2.8,-3.38,9.42,5.15,-136.73,-5.23,-6.4,29.77,-14.32,19.2,3.6,24.0,2191,197,,,,,,,0,1,3,top
2019-09-25,566941,8,605447,R,542340,L,56,Strikeout,6,4,190926_012826,81f5e505-62a3-4728-9c43-2453480088c0,1,2,0,B,Ball,SL,14,,3.28,1.65,84.3,78.1,,-1.91,50.0,5.94,0.33,1.41,0.44,-1.11,5.3,-122.79,-4.0,0.67,23.62,-33.87,2.4,9.6,24.0,2043,36,,,,,,,0,1,3,top
2019-09-25,566941,8,605447,R,542340,L,56,Strikeout,6,5,190926_012855,0ecbd03f-6ec8-4d52-9e88-fc952fd22a48,2,2,0,F,Foul,SL,1,,3.19,1.65,82.8,76.0,,-2.12,50.0,5.95,-0.3,2.9,1.63,-1.19,3.83,-120.77,-0.13,2.39,24.77,-33.92,4.8,9.6,24.0,1946,63,,,,,,,0,1,3,top
2019-09-25,566941,8,605447,R,542340,L,56,Strikeout,6,6,190926_012922,70668a32-5ead-4bdc-9b48-f14ef4ac4e4d,2,2,0,S,Swinging Strike,FF,1,,3.38,1.65,94.5,86.6,,-2.13,50.0,5.69,-0.56,2.8,-3.55,9.08,5.54,-137.74,-5.17,-6.83,30.39,-14.71,19.2,3.6,24.0,2294,198,,,,,,,0,1,3,top
2019-09-25,566941,8,605447,R,669720,R,57,Single,5,1,190926_012957,d73a93f0-b537-4214-8c13-9fd591747800,0,1,1,C,Called Strike,SL,7,,3.16,1.52,82.9,76.4,,-2.09,50.0,5.94,-0.27,1.98,2.5,-2.52,3.56,-120.86,-1.89,3.69,24.5,-35.88,7.2,9.6,24.0,,48,,,,669720,,,0,0,3,top
2019-09-25,566941,8,605447,R,669720,R,57,Single,5,2,190926_013017,29e6d751-e41e-4d52-9e9f-79adcb8f6c1d,0,1,1,S,Swinging Strike,SL,14,,3.09,1.52,85.9,79.4,,-1.95,50.0,5.89,1.22,1.56,2.3,0.1,7.08,-125.06,-4.22,3.64,25.18,-32.02,8.4,8.4,24.0,2313,84,,,,669720,,,0,0,3,top
2019-09-25,566941,8,605447,R,669720,R,57,Single,5,3,190926_013046,7e0ebc27-733f-4890-9dfd-6256d9676276,0,2,1,B,Ball,SL,14,,3.03,1.52,85.4,78.9,,-1.74,50.0,5.92,0.31,0.15,1.38,-3.04,4.57,-124.28,-6.58,2.15,26.37,-36.9,4.8,9.6,24.0,2299,27,,,,669720,,,0,0,3,top
2019-09-25,566941,8,605447,R,669720,R,57,Single,5,4,190926_013109,e03c0a03-086d-4035-8929-01e38a8d84a6,1,2,1,F,Foul,SL,9,,3.16,1.52,84.2,77.7,,-1.96,50.0,5.95,0.44,1.63,2.03,-2.41,5.18,-122.59,-3.03,3.07,24.85,-35.83,6.0,9.6,24.0,2027,45,,,,669720,,,0,0,3,top
2019-09-25,566941,8,605447,R,669720,R,57,Single,5,5,190926_013146,d57150c1-c368-4bb9-9367-8ba738e82b2c,1,2,1,D,In play- no out,FF,12,,3.16,1.52,94.3,86.7,,-1.85,50.0,5.93,0.3,3.55,-3.8,8.09,7.2,-137.46,-3.42,-7.29,29.39,-16.63,18.0,3.6,24.0,2238,200,,,,669720,,,0,0,3,top
2019-09-25,566941,8,605447,R,641820,R,58,Walk,4,1,190926_013220,dff6cb7c-14ce-4a6c-8363-2ad348b86156,0,0,1,B,Ball,FF,11,,3.55,1.7,93.3,84.7,,-2.16,50.0,5.85,-0.03,4.87,-2.97,9.34,6.72,-135.96,0.13,-5.52,32.1,-14.83,14.4,3.6,24.0,2151,192,669720,,,641820,669720,,0,0,3,top
2019-09-25,566941,8,605447,R,641820,R,58,Walk,4,2,190926_013238,43e6ec22-9106-4d8e-b94a-51cb49327a4b,2,0,1,*B,Ball In Dirt,SL,13,,3.53,1.7,83.7,77.7,,-2.28,50.0,5.76,-0.92,0.84,1.17,-1.87,2.91,-122.03,-4.59,1.77,23.55,-35.0,3.6,9.6,24.0,,33,669720,,,641820,669720,,0,0,3,top
2019-09-25,566941,8,605447,R,641820,R,58,Walk,4,3,190926_013307,ec800b3f-69f0-4810-97dd-1d6134c0245b,2,0,1,B,Ball,SL,13,,3.54,1.7,82.2,75.8,,-2.31,50.0,5.83,-1.58,2.2,1.49,-2.57,1.26,-119.93,-1.0,2.16,23.66,-35.91,3.6,9.6,24.0,,32,669720,,,641820,669720,,0,0,3,top
2019-09-25,566941,8,605447,R,641820,R,58,Walk,4,4,190926_013328,95588122-b657-44f9-8388-7793033284bf,3,0,1,B,Ball,FF,11,,3.65,1.7,90.8,82.7,,-2.13,50.0,5.82,-0.32,4.28,-5.8,9.91,6.69,-132.34,-1.18,-10.24,29.43,-14.68,30.0,3.6,24.0,2159,206,669720,,,641820,669720,,0,0,3,top
2019-09-25,566941,8,605447,R,596105,L,59,Single,4,1,190926_013412,d334e041-ad73-43af-89c8-eece77cef7d5,0,1,1,C,Called Strike,SL,9,,3.54,1.58,82.3,75.7,,-2.17,50.0,5.76,0.24,2.08,0.92,-2.92,5.43,-119.93,-1.0,1.33,24.25,-36.4,3.6,10.8,24.0,,29,641820,669720,,596105,641820,669720,0,0,3,top
2019-09-25,566941,8,605447,R,596105,L,59,Single,4,2,190926_013437,f276eaa9-665f-4933-8b30-c3a8f26ab4c7,0,2,1,F,Foul,FF,11,,3.57,1.58,93.7,85.7,,-2.3,50.0,5.61,-0.87,3.05,-6.06,8.83,5.98,-136.59,-4.02,-11.43,30.54,-15.53,31.2,3.6,24.0,2126,212,641820,669720,,596105,641820,669720,0,0,3,top
2019-09-25,566941,8,605447,R,596105,L,59,Single,4,3,190926_013507,6eb82b8e-00e2-4f04-81ca-7f0f3e6ba97c,1,2,1,*B,Ball In Dirt,SL,14,,3.56,1.58,83.9,77.6,,-2.14,50.0,5.81,0.24,0.1,1.29,-3.56,5.34,-122.17,-5.94,1.93,25.44,-37.52,3.6,10.8,24.0,2215,25,641820,669720,,596105,641820,669720,0,0,3,top
2019-09-25,566941,8,605447,R,596105,L,59,Single,4,4,190926_013545,736cdfeb-90d1-48c9-8b01-918998922a91,1,2,1,D,In play- no out,SL,7,,3.54,1.58,83.1,75.7,,-2.11,50.0,5.83,-0.32,2.09,2.54,0.39,3.47,-121.04,-2.23,3.71,26.76,-31.6,8.4,9.6,24.0,2124,94,641820,669720,,596105,641820,669720,0,0,3,top
2019-09-25,566941,8,605447,R,547004,L,60,Groundout,2,1,190926_013653,9b4e30ce-27a3-49ad-a87c-d3886d3eec93,0,1,1,F,Foul,SL,5,,3.24,1.61,83.1,76.0,,-2.18,50.0,5.87,-0.19,2.62,1.04,-3.08,4.43,-121.1,-0.02,1.53,25.92,-36.7,3.6,9.6,24.0,,29,596105,641820,669720,,596105,641820,1,1,3,top
2019-09-25,566941,8,605447,R,547004,L,60,Groundout,2,2,190926_013721,0fde3f52-c36c-4fea-8982-eb5d348ce01d,0,1,1,E,In play- run(s),SL,14,,3.45,1.61,83.7,77.7,,-1.95,50.0,5.83,0.38,1.43,1.71,-2.25,5.1,-122.03,-3.23,2.58,23.39,-35.58,4.8,9.6,24.0,1946,42,596105,641820,669720,,596105,641820,1,1,3,top
2019-09-25,566941,8,605447,R,593643,R,61,Hit By Pitch,3,1,190926_013807,20289f31-8c8a-4ebb-8069-7084e3d19f7b,0,0,2,B,Ball,FF,12,,3.38,1.61,93.7,85.7,,-2.11,50.0,5.82,0.42,5.09,-2.99,7.37,7.87,-136.5,1.4,-5.64,29.94,-18.26,12.0,3.6,24.0,2186,195,,596105,641820,593643,596105,641820,0,0,2,top
2019-09-25,566941,8,605447,R,593643,R,61,Hit By Pitch,3,2,190926_013826,f56df35b-cd5d-47b6-83b2-08a1f95e21a0,1,0,2,B,Ball,FF,11,,3.38,1.61,92.9,85.2,,-2.22,50.0,5.61,-0.94,3.59,-3.02,8.95,4.48,-135.48,-2.52,-5.62,28.99,-15.5,16.8,3.6,24.0,2061,195,,596105,641820,593643,596105,641820,0,0,2,top
2019-09-25,566941,8,605447,R,593643,R,61,Hit By Pitch,3,3,190926_013847,b5e22616-4e6d-4c8f-bf02-763c4096702f,3,0,2,H,Hit By Pitch,FF,11,,3.36,1.61,92.9,85.3,,-2.4,50.0,5.58,-1.84,3.39,-2.64,8.42,2.4,-135.52,-2.8,-4.92,28.86,-16.48,14.4,3.6,24.0,2113,196,,596105,641820,593643,596105,641820,0,0,2,top
2019-09-29,566944,8,605447,R,518595,R,61,Single,1,1,190929_214221,25982adc-1ee4-48be-8b9e-51093645d987,0,0,0,D,In play- no out,SL,2,,3.27,1.55,81.6,75.5,,-2.15,50.0,5.95,0.11,2.81,2.86,-3.31,4.43,-118.96,0.45,4.11,22.16,-36.93,7.2,10.8,24.0,1972,47,,,,518595,,,0,0,7,top
2019-09-29,566944,8,605447,R,502054,R,62,Double,2,1,190929_214247,70a70f7f-bec3-4011-b796-fd105e31e260,0,0,0,B,Ball,FF,11,,3.26,1.6,92.4,84.0,,-2.11,50.0,5.79,-1.59,3.54,-6.72,9.55,3.69,-134.77,-3.19,-12.26,31.32,-14.74,36.0,4.8,24.0,2255,214,518595,,,,502054,518595,0,0,7,top
2019-09-29,566944,8,605447,R,502054,R,62,Double,2,2,190929_214307,4ccd2557-2af2-4de7-b2cb-9e5577eb914d,1,0,0,D,In play- no out,FF,3,,3.3,1.6,91.4,83.6,,-2.01,50.0,5.72,0.54,3.12,-4.67,9.62,8.28,-133.12,-3.98,-8.37,28.93,-14.93,22.8,3.6,24.0,2156,201,518595,,,,502054,518595,0,0,7,top
2019-09-29,566944,8,605447,R,542583,R,63,Groundout,5,1,190929_214355,34c7f062-3197-469d-a730-ac9657fe3367,0,0,0,B,Ball,FF,11,,3.58,1.75,92.2,83.8,,-2.15,50.0,5.72,-1.4,3.26,-4.06,11.12,3.37,-134.47,-4.23,-7.37,31.58,-12.0,26.4,3.6,24.0,2303,198,,502054,518595,,502054,,1,1,7,top
2019-09-29,566944,8,605447,R,542583,R,63,Groundout,5,2,190929_214417,c3f5b91b-b3e0-499c-baba-9004a5277c5d,1,1,0,F,Foul,SL,8,,3.59,1.75,81.6,75.3,,-2.22,50.0,5.81,-0.11,2.28,3.33,-1.47,3.92,-118.81,-0.99,4.77,22.59,-34.27,8.4,9.6,24.0,2164,69,,502054,518595,,502054,,1,1,7,top
2019-09-29,566944,8,605447,R,542583,R,63,Groundout,5,3,190929_214449,a89dafc8-dd6c-4731-be0a-8e3d8861bdb9,1,1,0,B,Ball,FF,14,,3.58,1.75,93.0,84.7,,-1.89,50.0,5.72,1.05,2.44,-4.13,9.22,9.24,-135.07,-5.88,-7.59,30.91,-15.24,18.0,3.6,24.0,2117,199,,502054,518595,,502054,,1,1,7,top
2019-09-29,566944,8,605447,R,542583,R,63,Groundout,5,4,190929_214508,7723e5f5-6dcc-4e6a-bc99-6b757b51aec8,2,2,0,C,Called Strike,SL,12,,3.66,1.76,81.0,74.4,,-2.0,50.0,5.98,1.02,3.09,2.91,-1.89,6.16,-117.9,0.8,4.08,23.37,-34.83,8.4,9.6,24.0,,66,,502054,518595,,502054,,1,1,7,top
2019-09-29,566944,8,605447,R,542583,R,63,Groundout,5,5,190929_214529,d2799af7-f29e-4dfa-8621-dc60c8d15683,2,2,0,E,In play- run(s),SL,14,,3.59,1.75,82.0,75.1,,-1.88,50.0,5.96,0.53,1.59,0.79,-4.03,5.39,-119.4,-2.16,1.13,25.52,-37.92,3.6,10.8,24.0,2038,20,,502054,518595,,502054,,1,1,7,top
2019-09-29,566944,8,605447,R,628338,R,64,Single,3,1,190929_214651,3fc5c4fd-318d-4319-90f4-9a9320241162,0,1,1,C,Called Strike,FF,3,,3.19,1.54,91.9,83.9,,-2.01,50.0,5.74,0.27,2.67,-5.31,9.41,7.83,-133.83,-5.21,-9.59,29.95,-15.18,25.2,3.6,24.0,2247,206,,502054,,628338,,,1,0,6,top
2019-09-29,566944,8,605447,R,628338,R,64,Single,3,2,190929_214747,6f14174c-c027-4d12-98d5-82ffb67a7b3b,0,2,1,F,Foul,FF,5,,3.18,1.54,91.4,83.1,,-1.9,50.0,5.71,0.06,2.34,-3.46,10.47,6.3,-132.8,-6.21,-6.13,30.3,-13.6,18.0,3.6,24.0,2182,195,,502054,,628338,,,1,0,6,top
2019-09-29,566944,8,605447,R,628338,R,64,Single,3,3,190929_214812,0df977d0-0c9b-44ef-9914-0643d9d1b4bf,0,2,1,E,In play- run(s),FF,11,,3.18,1.54,92.8,85.0,,-1.82,50.0,5.87,-0.46,3.31,-3.84,10.01,4.97,-135.38,-4.29,-7.13,29.76,-13.61,22.8,3.6,24.0,2238,198,,502054,,628338,,,1,0,6,top
